-- MySQL dump 10.13  Distrib 8.0.23, for Win64 (x86_64)
--
-- Host: 127.0.0.1    Database: agentwindows
-- ------------------------------------------------------
-- Server version	8.0.23

/*!40101 SET @OLD_CHARACTER_SET_CLIENT=@@CHARACTER_SET_CLIENT */;
/*!40101 SET @OLD_CHARACTER_SET_RESULTS=@@CHARACTER_SET_RESULTS */;
/*!40101 SET @OLD_COLLATION_CONNECTION=@@COLLATION_CONNECTION */;
/*!50503 SET NAMES utf8 */;
/*!40103 SET @OLD_TIME_ZONE=@@TIME_ZONE */;
/*!40103 SET TIME_ZONE='+00:00' */;
/*!40014 SET @OLD_UNIQUE_CHECKS=@@UNIQUE_CHECKS, UNIQUE_CHECKS=0 */;
/*!40014 SET @OLD_FOREIGN_KEY_CHECKS=@@FOREIGN_KEY_CHECKS, FOREIGN_KEY_CHECKS=0 */;
/*!40101 SET @OLD_SQL_MODE=@@SQL_MODE, SQL_MODE='NO_AUTO_VALUE_ON_ZERO' */;
/*!40111 SET @OLD_SQL_NOTES=@@SQL_NOTES, SQL_NOTES=0 */;

--
-- Table structure for table `alert`
--

DROP TABLE IF EXISTS `alert`;
/*!40101 SET @saved_cs_client     = @@character_set_client */;
/*!50503 SET character_set_client = utf8mb4 */;
CREATE TABLE `alert` (
  `id` int NOT NULL AUTO_INCREMENT,
  `corpo_messaggio` varchar(255) DEFAULT NULL,
  `date_and_time_alert` datetime(6) DEFAULT NULL,
  `date_and_time_mail` datetime(6) DEFAULT NULL,
  `id_client` int NOT NULL,
  `id_company` int NOT NULL,
  `tipo` varchar(255) DEFAULT NULL,
  `categoria` int DEFAULT NULL,
  PRIMARY KEY (`id`)
) ENGINE=InnoDB AUTO_INCREMENT=502 DEFAULT CHARSET=utf8mb4 COLLATE=utf8mb4_0900_ai_ci;
/*!40101 SET character_set_client = @saved_cs_client */;

--
-- Dumping data for table `alert`
--

LOCK TABLES `alert` WRITE;
/*!40000 ALTER TABLE `alert` DISABLE KEYS */;
INSERT INTO `alert` VALUES (36,'Si è verificato un errore: Info test A','2021-04-23 11:53:38.596176','2021-04-23 11:53:38.596176',14,2,'ERROR',3),(37,'Si è verificato un errore: Info test A','2021-04-23 11:53:38.596176','2021-04-23 11:53:38.596176',14,2,'ERROR',3),(38,'Si è verificato un errore: Info test A','2021-04-23 11:53:38.596176','2021-04-23 11:53:38.596176',14,2,'ERROR',3),(39,'Si è verificato un errore: Info test A','2021-04-23 11:53:38.596176','2021-04-23 11:53:38.596176',14,2,'ERROR',3),(40,'Si è verificato un errore: Info test A','2021-04-23 11:53:38.596176','2021-04-23 11:53:38.596176',14,2,'ERROR',3),(41,'Si è verificato un errore: Info test A','2021-04-23 11:53:38.596176','2021-04-23 11:53:38.596176',14,2,'ERROR',3),(42,'Si è verificato un errore: Info test A','2021-04-23 11:53:38.596176','2021-04-23 11:53:38.596176',14,2,'ERROR',3),(43,'Si è verificato un errore: Info test A','2021-04-23 11:53:38.596176','2021-04-23 11:53:38.596176',14,2,'ERROR',3),(44,'Si è verificato un errore: Info test A','2021-04-23 11:53:38.596176','2021-04-23 11:53:38.596176',14,2,'ERROR',3),(45,'Si è verificato un errore: Info test A','2021-04-23 11:53:38.596176','2021-04-23 11:53:38.596176',14,2,'ERROR',3),(46,'Si è verificato un errore: Info test A','2021-04-23 11:53:38.596176','2021-04-23 11:53:38.596176',14,2,'ERROR',3),(47,'Si è verificato un errore: Info test A','2021-04-23 11:53:38.596176','2021-04-23 11:53:38.596176',14,2,'ERROR',3),(48,'Si è verificato un errore: Info test A','2021-04-23 11:53:38.596176','2021-04-23 11:53:38.596176',14,2,'ERROR',3),(49,'Si è verificato un errore: Info test A','2021-04-23 11:53:38.596176','2021-04-23 11:53:38.596176',14,2,'ERROR',3),(50,'Si è verificato un errore: Info test A','2021-04-23 11:53:38.596176','2021-04-23 11:53:38.596176',14,2,'ERROR',3),(51,'Si è verificato un errore: Info test A','2021-04-23 11:53:38.596176','2021-04-23 11:53:38.596176',14,2,'ERROR',3),(52,'Si è verificato un errore: Info test A','2021-04-23 11:53:38.596176','2021-04-23 11:53:38.596176',14,2,'ERROR',3),(53,'Si è verificato un errore: Info test A','2021-04-23 11:53:38.596176','2021-04-23 11:53:38.596176',14,2,'ERROR',3),(54,'Si è verificato un errore: Info test A','2021-04-23 11:53:38.596176','2021-04-23 11:53:38.596176',14,2,'ERROR',3),(55,'Si è verificato un errore: Info test A','2021-04-23 11:53:38.596176','2021-04-23 11:53:38.596176',14,2,'ERROR',3),(56,'Si è verificato un errore: Info test H','2021-04-23 11:53:38.596176','2021-04-23 11:53:38.596176',14,2,'ERROR',3),(57,'Si è verificato un errore: Info test S','2021-04-23 11:53:38.596176','2021-04-23 11:53:38.596176',14,2,'ERROR',3),(58,'Si è verificato un errore: Info test C','2021-04-23 11:53:38.596176','2021-04-23 11:53:38.596176',14,2,'ERROR',3),(59,'Si è verificato un errore: Info test C','2021-04-23 11:53:38.596176','2021-04-23 11:53:38.596176',14,2,'ERROR',3),(60,'Il disco C:\\ ha lo spazio disponibile pari al 21.0%','2021-04-23 12:03:13.315008','2021-04-23 12:03:13.315008',27,10,'OK',1),(61,'Il disco C:\\ ha lo spazio disponibile pari al 2.0%','2021-04-23 12:04:44.926318','2021-04-23 12:04:44.926318',27,10,'ERROR',1),(62,'Si è verificato un errore: Info test A','2021-04-23 15:27:45.614312','2021-04-23 15:27:45.614312',26,9,'ERROR',3),(63,'Si è verificato un errore: Info test A','2021-04-23 15:27:45.614312','2021-04-23 15:27:45.614312',26,9,'ERROR',3),(64,'Si è verificato un errore: Info test A','2021-04-23 15:27:45.614312','2021-04-23 15:27:45.614312',26,9,'ERROR',3),(65,'Si è verificato un errore: Info test A','2021-04-23 15:27:45.614312','2021-04-23 15:27:45.614312',26,9,'ERROR',3),(66,'Si è verificato un errore: Info test A','2021-04-23 15:27:45.614312','2021-04-23 15:27:45.614312',26,9,'ERROR',3),(67,'Si è verificato un errore: Info test A','2021-04-23 15:27:45.614312','2021-04-23 15:27:45.614312',26,9,'ERROR',3),(68,'Si è verificato un errore: Info test A','2021-04-23 15:27:45.614312','2021-04-23 15:27:45.614312',26,9,'ERROR',3),(69,'Si è verificato un errore: Info test A','2021-04-23 15:27:45.614312','2021-04-23 15:27:45.614312',26,9,'ERROR',3),(70,'Si è verificato un errore: Info test A','2021-04-23 15:27:45.614312','2021-04-23 15:27:45.614312',26,9,'ERROR',3),(71,'Si è verificato un errore: Info test A','2021-04-23 15:27:45.614312','2021-04-23 15:27:45.614312',26,9,'ERROR',3),(72,'Si è verificato un errore: Info test A','2021-04-23 15:27:45.614312','2021-04-23 15:27:45.614312',26,9,'ERROR',3),(73,'Si è verificato un errore: Info test A','2021-04-23 15:27:45.614312','2021-04-23 15:27:45.614312',26,9,'ERROR',3),(74,'Si è verificato un errore: Info test A','2021-04-23 15:27:45.614312','2021-04-23 15:27:45.614312',26,9,'ERROR',3),(75,'Si è verificato un errore: Info test A','2021-04-23 15:27:45.614312','2021-04-23 15:27:45.614312',26,9,'ERROR',3),(76,'Si è verificato un errore: Info test A','2021-04-23 15:27:45.614312','2021-04-23 15:27:45.614312',26,9,'ERROR',3),(77,'Si è verificato un errore: Info test A','2021-04-23 15:27:45.614312','2021-04-23 15:27:45.614312',26,9,'ERROR',3),(78,'Si è verificato un errore: Info test A','2021-04-23 15:27:45.614312','2021-04-23 15:27:45.614312',26,9,'ERROR',3),(79,'Si è verificato un errore: Info test A','2021-04-23 15:27:45.614312','2021-04-23 15:27:45.614312',26,9,'ERROR',3),(80,'Si è verificato un errore: Info test A','2021-04-23 15:27:45.614312','2021-04-23 15:27:45.614312',26,9,'ERROR',3),(81,'Si è verificato un errore: Info test A','2021-04-23 15:27:45.614312','2021-04-23 15:27:45.614312',26,9,'ERROR',3),(82,'Si è verificato un errore: Info test H','2021-04-23 15:27:45.614312','2021-04-23 15:27:45.614312',26,9,'ERROR',3),(83,'Si è verificato un errore: Info test S','2021-04-23 15:27:45.614312','2021-04-23 15:27:45.614312',26,9,'ERROR',3),(84,'Si è verificato un errore: Info test C','2021-04-23 15:27:45.614312','2021-04-23 15:27:45.614312',26,9,'ERROR',3),(85,'Si è verificato un errore: Info test C','2021-04-23 15:27:45.614312','2021-04-23 15:27:45.614312',26,9,'ERROR',3),(86,'Il disco C:\\ ha lo spazio disponibile pari al 2.0%','2021-04-23 15:33:10.663403','2021-04-23 15:33:10.663403',26,9,'ERROR',1),(87,'Il servizio EFS4 presenta un errore','2021-04-23 18:22:30.906442','2021-04-23 18:22:30.906442',26,9,'ERROR',2),(88,'Il servizio EFS4 funziona correttamente','2021-04-23 18:24:28.368449','2021-04-23 18:24:28.368449',26,9,'OK',2),(92,'Il servizio EFS4 presenta un errore','2021-04-24 10:05:41.464424','2021-04-24 10:05:41.464424',26,9,'ERROR',2),(100,'Il servizio EFS5 funziona correttamente','2021-04-24 10:31:20.681590','2021-04-24 10:31:20.681590',26,9,'OK',2),(101,'Il servizio EFS6 funziona correttamente','2021-04-24 10:31:20.681590','2021-04-24 10:31:20.681590',26,9,'OK',2),(102,'Il servizio EFS7 funziona correttamente','2021-04-24 10:31:20.681590','2021-04-24 10:31:20.681590',26,9,'OK',2),(103,'Il servizio EFS8 funziona correttamente','2021-04-24 10:31:20.681590','2021-04-24 10:31:20.681590',26,9,'OK',2),(104,'Il servizio EFS5 presenta un errore','2021-04-24 10:31:42.841044','2021-04-24 10:31:42.841044',26,9,'ERROR',2),(105,'Il servizio EFS7 presenta un errore','2021-04-24 10:31:42.841044','2021-04-24 10:31:42.841044',26,9,'ERROR',2),(106,'Il servizio EFS5 funziona correttamente','2021-04-24 10:32:31.777061','2021-04-24 10:32:31.777061',26,9,'OK',2),(107,'Il servizio EFS6 presenta un errore','2021-04-24 10:32:31.777061','2021-04-24 10:32:31.777061',26,9,'ERROR',2),(108,'Il servizio EFS7 funziona correttamente','2021-04-24 10:32:31.777061','2021-04-24 10:32:31.777061',26,9,'OK',2),(109,'Il servizio EFS8 presenta un errore','2021-04-24 10:32:31.777061','2021-04-24 10:32:31.777061',26,9,'ERROR',2),(110,'Il servizio EFS8 funziona correttamente','2021-04-24 10:46:02.139646','2021-04-24 10:46:02.139646',26,9,'OK',2),(111,'Il disco C:\\ ha lo spazio disponibile pari al 80.0%','2021-04-24 10:46:02.183643','2021-04-24 10:46:02.183643',26,9,'OK',1),(112,'Si è verificato un errore: Info test A','2021-04-26 09:46:56.233255','2021-04-26 09:46:56.233255',29,11,'ERROR',3),(113,'Si è verificato un errore: Info test A','2021-04-26 09:46:56.233255','2021-04-26 09:46:56.233255',29,11,'ERROR',3),(114,'Si è verificato un errore: Info test A','2021-04-26 09:46:56.233255','2021-04-26 09:46:56.233255',29,11,'ERROR',3),(115,'Si è verificato un errore: Info test A','2021-04-26 09:46:56.233255','2021-04-26 09:46:56.233255',29,11,'ERROR',3),(116,'Si è verificato un errore: Info test A','2021-04-26 09:46:56.233255','2021-04-26 09:46:56.233255',29,11,'ERROR',3),(117,'Si è verificato un errore: Info test A','2021-04-26 09:46:56.233255','2021-04-26 09:46:56.233255',29,11,'ERROR',3),(118,'Si è verificato un errore: Info test A','2021-04-26 09:46:56.233255','2021-04-26 09:46:56.233255',29,11,'ERROR',3),(119,'Si è verificato un errore: Info test A','2021-04-26 09:46:56.233255','2021-04-26 09:46:56.233255',29,11,'ERROR',3),(120,'Si è verificato un errore: Info test A','2021-04-26 09:46:56.233255','2021-04-26 09:46:56.233255',29,11,'ERROR',3),(121,'Si è verificato un errore: Info test A','2021-04-26 09:46:56.233255','2021-04-26 09:46:56.233255',29,11,'ERROR',3),(122,'Si è verificato un errore: Info test A','2021-04-26 09:46:56.233255','2021-04-26 09:46:56.233255',29,11,'ERROR',3),(123,'Si è verificato un errore: Info test A','2021-04-26 09:46:56.233255','2021-04-26 09:46:56.233255',29,11,'ERROR',3),(124,'Si è verificato un errore: Info test A','2021-04-26 09:46:56.233255','2021-04-26 09:46:56.233255',29,11,'ERROR',3),(125,'Si è verificato un errore: Info test A','2021-04-26 09:46:56.233255','2021-04-26 09:46:56.233255',29,11,'ERROR',3),(126,'Si è verificato un errore: Info test A','2021-04-26 09:46:56.233255','2021-04-26 09:46:56.233255',29,11,'ERROR',3),(127,'Si è verificato un errore: Info test A','2021-04-26 09:46:56.233255','2021-04-26 09:46:56.233255',29,11,'ERROR',3),(128,'Si è verificato un errore: Info test A','2021-04-26 09:46:56.233255','2021-04-26 09:46:56.233255',29,11,'ERROR',3),(129,'Si è verificato un errore: Info test A','2021-04-26 09:46:56.233255','2021-04-26 09:46:56.233255',29,11,'ERROR',3),(130,'Si è verificato un errore: Info test A','2021-04-26 09:46:56.233255','2021-04-26 09:46:56.233255',29,11,'ERROR',3),(131,'Si è verificato un errore: Info test A','2021-04-26 09:46:56.233255','2021-04-26 09:46:56.233255',29,11,'ERROR',3),(132,'Si è verificato un errore: Info test H','2021-04-26 09:46:56.233255','2021-04-26 09:46:56.233255',29,11,'ERROR',3),(133,'Si è verificato un errore: Info test S','2021-04-26 09:46:56.233255','2021-04-26 09:46:56.233255',29,11,'ERROR',3),(134,'Si è verificato un errore: Info test C','2021-04-26 09:46:56.233255','2021-04-26 09:46:56.233255',29,11,'ERROR',3),(135,'Si è verificato un errore: Info test C','2021-04-26 09:46:56.233255','2021-04-26 09:46:56.233255',29,11,'ERROR',3),(136,'Il servizio EFS5 funziona correttamente','2021-04-26 09:50:24.302068','2021-04-26 09:50:24.302068',29,11,'OK',2),(137,'Il servizio EFS6 presenta un errore','2021-04-26 09:50:24.302068','2021-04-26 09:50:24.302068',29,11,'ERROR',2),(138,'Il servizio EFS7 funziona correttamente','2021-04-26 09:50:24.302068','2021-04-26 09:50:24.302068',29,11,'OK',2),(139,'Il servizio EFS8 funziona correttamente','2021-04-26 09:50:24.302068','2021-04-26 09:50:24.302068',29,11,'OK',2),(140,'Il disco C:\\ ha lo spazio disponibile pari al 80.0%','2021-04-26 09:50:24.387099','2021-04-26 09:50:24.387099',29,11,'OK',1),(141,'Il servizio EFS5 presenta un errore','2021-04-26 09:53:16.702977','2021-04-26 09:53:16.702977',29,11,'ERROR',2),(142,'Il servizio EFS6 funziona correttamente','2021-04-26 09:53:16.702977','2021-04-26 09:53:16.702977',29,11,'OK',2),(143,'Il servizio EFS7 presenta un errore','2021-04-26 09:56:04.601490','2021-04-26 09:56:04.601490',29,11,'ERROR',2),(144,'Si è verificato un errore: Info test A','2021-04-26 14:58:48.070449','2021-04-26 14:58:48.070449',29,11,'ERROR',3),(145,'Si è verificato un errore: Info test A','2021-04-26 14:58:48.070449','2021-04-26 14:58:48.070449',29,11,'ERROR',3),(146,'Si è verificato un errore: Info test A','2021-04-26 14:58:48.070449','2021-04-26 14:58:48.070449',29,11,'ERROR',3),(147,'Si è verificato un errore: Info test A','2021-04-26 14:58:48.070449','2021-04-26 14:58:48.070449',29,11,'ERROR',3),(148,'Si è verificato un errore: Info test A','2021-04-26 14:58:48.070449','2021-04-26 14:58:48.070449',29,11,'ERROR',3),(149,'Si è verificato un errore: Info test A','2021-04-26 14:58:48.070449','2021-04-26 14:58:48.070449',29,11,'ERROR',3),(150,'Si è verificato un errore: Info test A','2021-04-26 14:58:48.070449','2021-04-26 14:58:48.070449',29,11,'ERROR',3),(151,'Si è verificato un errore: Info test A','2021-04-26 14:58:48.070449','2021-04-26 14:58:48.070449',29,11,'ERROR',3),(152,'Si è verificato un errore: Info test A','2021-04-26 14:58:48.070449','2021-04-26 14:58:48.070449',29,11,'ERROR',3),(153,'Si è verificato un errore: Info test A','2021-04-26 14:58:48.070449','2021-04-26 14:58:48.070449',29,11,'ERROR',3),(154,'Si è verificato un errore: Info test A','2021-04-26 14:58:48.070449','2021-04-26 14:58:48.070449',29,11,'ERROR',3),(155,'Si è verificato un errore: Info test A','2021-04-26 14:58:48.070449','2021-04-26 14:58:48.070449',29,11,'ERROR',3),(156,'Si è verificato un errore: Info test A','2021-04-26 14:58:48.070449','2021-04-26 14:58:48.070449',29,11,'ERROR',3),(157,'Si è verificato un errore: Info test A','2021-04-26 14:58:48.070449','2021-04-26 14:58:48.070449',29,11,'ERROR',3),(158,'Si è verificato un errore: Info test A','2021-04-26 14:58:48.070449','2021-04-26 14:58:48.070449',29,11,'ERROR',3),(159,'Si è verificato un errore: Info test A','2021-04-26 14:58:48.070449','2021-04-26 14:58:48.070449',29,11,'ERROR',3),(160,'Si è verificato un errore: Info test A','2021-04-26 14:58:48.070449','2021-04-26 14:58:48.070449',29,11,'ERROR',3),(161,'Si è verificato un errore: Info test A','2021-04-26 14:58:48.070449','2021-04-26 14:58:48.070449',29,11,'ERROR',3),(162,'Si è verificato un errore: Info test A','2021-04-26 14:58:48.070449','2021-04-26 14:58:48.070449',29,11,'ERROR',3),(163,'Si è verificato un errore: Info test A','2021-04-26 14:58:48.070449','2021-04-26 14:58:48.070449',29,11,'ERROR',3),(164,'Si è verificato un errore: Info test H','2021-04-26 14:58:48.070449','2021-04-26 14:58:48.070449',29,11,'ERROR',3),(165,'Si è verificato un errore: Info test S','2021-04-26 14:58:48.070449','2021-04-26 14:58:48.070449',29,11,'ERROR',3),(166,'Si è verificato un errore: Info test C','2021-04-26 14:58:48.070449','2021-04-26 14:58:48.070449',29,11,'ERROR',3),(167,'Si è verificato un errore: Info test C','2021-04-26 14:58:48.070449','2021-04-26 14:58:48.070449',29,11,'ERROR',3),(168,'Si è verificato un errore: Info test A','2021-04-26 14:59:53.655392','2021-04-26 14:59:53.655392',14,2,'ERROR',3),(169,'Si è verificato un errore: Info test A','2021-04-26 14:59:53.655392','2021-04-26 14:59:53.655392',14,2,'ERROR',3),(170,'Si è verificato un errore: Info test A','2021-04-26 14:59:53.655392','2021-04-26 14:59:53.655392',14,2,'ERROR',3),(171,'Si è verificato un errore: Info test A','2021-04-26 14:59:53.655392','2021-04-26 14:59:53.655392',14,2,'ERROR',3),(172,'Si è verificato un errore: Info test A','2021-04-26 14:59:53.655392','2021-04-26 14:59:53.655392',14,2,'ERROR',3),(173,'Si è verificato un errore: Info test A','2021-04-26 14:59:53.655392','2021-04-26 14:59:53.655392',14,2,'ERROR',3),(174,'Si è verificato un errore: Info test A','2021-04-26 14:59:53.655392','2021-04-26 14:59:53.655392',14,2,'ERROR',3),(175,'Si è verificato un errore: Info test A','2021-04-26 14:59:53.655392','2021-04-26 14:59:53.655392',14,2,'ERROR',3),(176,'Si è verificato un errore: Info test A','2021-04-26 14:59:53.655392','2021-04-26 14:59:53.655392',14,2,'ERROR',3),(177,'Si è verificato un errore: Info test A','2021-04-26 14:59:53.655392','2021-04-26 14:59:53.655392',14,2,'ERROR',3),(178,'Si è verificato un errore: Info test A','2021-04-26 14:59:53.655392','2021-04-26 14:59:53.655392',14,2,'ERROR',3),(179,'Si è verificato un errore: Info test A','2021-04-26 14:59:53.655392','2021-04-26 14:59:53.655392',14,2,'ERROR',3),(180,'Si è verificato un errore: Info test A','2021-04-26 14:59:53.655392','2021-04-26 14:59:53.655392',14,2,'ERROR',3),(181,'Si è verificato un errore: Info test A','2021-04-26 14:59:53.655392','2021-04-26 14:59:53.655392',14,2,'ERROR',3),(182,'Si è verificato un errore: Info test A','2021-04-26 14:59:53.655392','2021-04-26 14:59:53.655392',14,2,'ERROR',3),(183,'Si è verificato un errore: Info test A','2021-04-26 14:59:53.655392','2021-04-26 14:59:53.655392',14,2,'ERROR',3),(184,'Si è verificato un errore: Info test A','2021-04-26 14:59:53.655392','2021-04-26 14:59:53.655392',14,2,'ERROR',3),(185,'Si è verificato un errore: Info test A','2021-04-26 14:59:53.655392','2021-04-26 14:59:53.655392',14,2,'ERROR',3),(186,'Si è verificato un errore: Info test A','2021-04-26 14:59:53.655392','2021-04-26 14:59:53.655392',14,2,'ERROR',3),(187,'Si è verificato un errore: Info test A','2021-04-26 14:59:53.655392','2021-04-26 14:59:53.655392',14,2,'ERROR',3),(188,'Si è verificato un errore: Info test H','2021-04-26 14:59:53.655392','2021-04-26 14:59:53.655392',14,2,'ERROR',3),(189,'Si è verificato un errore: Info test S','2021-04-26 14:59:53.655392','2021-04-26 14:59:53.655392',14,2,'ERROR',3),(190,'Si è verificato un errore: Info test C','2021-04-26 14:59:53.655392','2021-04-26 14:59:53.655392',14,2,'ERROR',3),(191,'Si è verificato un errore: Info test C','2021-04-26 14:59:53.655392','2021-04-26 14:59:53.655392',14,2,'ERROR',3),(192,'Si è verificato un errore: Info test A','2021-04-26 15:00:05.099670','2021-04-26 15:00:05.099670',1,1,'ERROR',3),(193,'Si è verificato un errore: Info test A','2021-04-26 15:00:05.099670','2021-04-26 15:00:05.099670',1,1,'ERROR',3),(194,'Si è verificato un errore: Info test A','2021-04-26 15:00:05.099670','2021-04-26 15:00:05.099670',1,1,'ERROR',3),(195,'Si è verificato un errore: Info test A','2021-04-26 15:00:05.099670','2021-04-26 15:00:05.099670',1,1,'ERROR',3),(196,'Si è verificato un errore: Info test A','2021-04-26 15:00:05.099670','2021-04-26 15:00:05.099670',1,1,'ERROR',3),(197,'Si è verificato un errore: Info test A','2021-04-26 15:00:05.099670','2021-04-26 15:00:05.099670',1,1,'ERROR',3),(198,'Si è verificato un errore: Info test A','2021-04-26 15:00:05.099670','2021-04-26 15:00:05.099670',1,1,'ERROR',3),(199,'Si è verificato un errore: Info test A','2021-04-26 15:00:05.099670','2021-04-26 15:00:05.099670',1,1,'ERROR',3),(200,'Si è verificato un errore: Info test A','2021-04-26 15:00:05.099670','2021-04-26 15:00:05.099670',1,1,'ERROR',3),(201,'Si è verificato un errore: Info test A','2021-04-26 15:00:05.099670','2021-04-26 15:00:05.099670',1,1,'ERROR',3),(202,'Si è verificato un errore: Info test A','2021-04-26 15:00:05.099670','2021-04-26 15:00:05.099670',1,1,'ERROR',3),(203,'Si è verificato un errore: Info test A','2021-04-26 15:00:05.099670','2021-04-26 15:00:05.099670',1,1,'ERROR',3),(204,'Si è verificato un errore: Info test A','2021-04-26 15:00:05.099670','2021-04-26 15:00:05.099670',1,1,'ERROR',3),(205,'Si è verificato un errore: Info test A','2021-04-26 15:00:05.099670','2021-04-26 15:00:05.099670',1,1,'ERROR',3),(206,'Si è verificato un errore: Info test A','2021-04-26 15:00:05.099670','2021-04-26 15:00:05.099670',1,1,'ERROR',3),(207,'Si è verificato un errore: Info test A','2021-04-26 15:00:05.099670','2021-04-26 15:00:05.099670',1,1,'ERROR',3),(208,'Si è verificato un errore: Info test A','2021-04-26 15:00:05.099670','2021-04-26 15:00:05.099670',1,1,'ERROR',3),(209,'Si è verificato un errore: Info test A','2021-04-26 15:00:05.099670','2021-04-26 15:00:05.099670',1,1,'ERROR',3),(210,'Si è verificato un errore: Info test A','2021-04-26 15:00:05.099670','2021-04-26 15:00:05.099670',1,1,'ERROR',3),(211,'Si è verificato un errore: Info test A','2021-04-26 15:00:05.099670','2021-04-26 15:00:05.099670',1,1,'ERROR',3),(212,'Si è verificato un errore: Info test H','2021-04-26 15:00:05.099670','2021-04-26 15:00:05.099670',1,1,'ERROR',3),(213,'Si è verificato un errore: Info test S','2021-04-26 15:00:05.099670','2021-04-26 15:00:05.099670',1,1,'ERROR',3),(214,'Si è verificato un errore: Info test C','2021-04-26 15:00:05.099670','2021-04-26 15:00:05.099670',1,1,'ERROR',3),(215,'Si è verificato un errore: Info test C','2021-04-26 15:00:05.099670','2021-04-26 15:00:05.099670',1,1,'ERROR',3),(216,'Si è verificato un errore: Info test A1','2021-04-26 15:05:45.206664','2021-04-26 15:05:45.206664',1,1,'ERROR',3),(217,'Si è verificato un errore: Info test A','2021-04-26 15:05:45.206664','2021-04-26 15:05:45.206664',1,1,'ERROR',3),(218,'Si è verificato un errore: Info test A','2021-04-26 15:05:45.206664','2021-04-26 15:05:45.206664',1,1,'ERROR',3),(219,'Si è verificato un errore: Info test A','2021-04-26 15:05:45.206664','2021-04-26 15:05:45.206664',1,1,'ERROR',3),(220,'Si è verificato un errore: Info test A','2021-04-26 15:05:45.206664','2021-04-26 15:05:45.206664',1,1,'ERROR',3),(221,'Si è verificato un errore: Info test A','2021-04-26 15:05:45.206664','2021-04-26 15:05:45.206664',1,1,'ERROR',3),(222,'Si è verificato un errore: Info test A','2021-04-26 15:05:45.206664','2021-04-26 15:05:45.206664',1,1,'ERROR',3),(223,'Si è verificato un errore: Info test A','2021-04-26 15:05:45.206664','2021-04-26 15:05:45.206664',1,1,'ERROR',3),(224,'Si è verificato un errore: Info test A','2021-04-26 15:05:45.206664','2021-04-26 15:05:45.206664',1,1,'ERROR',3),(225,'Si è verificato un errore: Info test A','2021-04-26 15:05:45.206664','2021-04-26 15:05:45.206664',1,1,'ERROR',3),(226,'Si è verificato un errore: Info test A','2021-04-26 15:05:45.206664','2021-04-26 15:05:45.206664',1,1,'ERROR',3),(227,'Si è verificato un errore: Info test A','2021-04-26 15:05:45.206664','2021-04-26 15:05:45.206664',1,1,'ERROR',3),(228,'Si è verificato un errore: Info test A','2021-04-26 15:05:45.206664','2021-04-26 15:05:45.206664',1,1,'ERROR',3),(229,'Si è verificato un errore: Info test A','2021-04-26 15:05:45.206664','2021-04-26 15:05:45.206664',1,1,'ERROR',3),(230,'Si è verificato un errore: Info test A','2021-04-26 15:05:45.206664','2021-04-26 15:05:45.206664',1,1,'ERROR',3),(231,'Si è verificato un errore: Info test A','2021-04-26 15:05:45.206664','2021-04-26 15:05:45.206664',1,1,'ERROR',3),(232,'Si è verificato un errore: Info test A','2021-04-26 15:05:45.206664','2021-04-26 15:05:45.206664',1,1,'ERROR',3),(233,'Si è verificato un errore: Info test A','2021-04-26 15:05:45.206664','2021-04-26 15:05:45.206664',1,1,'ERROR',3),(234,'Si è verificato un errore: Info test A','2021-04-26 15:05:45.206664','2021-04-26 15:05:45.206664',1,1,'ERROR',3),(235,'Si è verificato un errore: Info test A','2021-04-26 15:05:45.206664','2021-04-26 15:05:45.206664',1,1,'ERROR',3),(236,'Si è verificato un errore: Info test H','2021-04-26 15:05:45.206664','2021-04-26 15:05:45.206664',1,1,'ERROR',3),(237,'Si è verificato un errore: Info test S','2021-04-26 15:05:45.206664','2021-04-26 15:05:45.206664',1,1,'ERROR',3),(238,'Si è verificato un errore: Info test C','2021-04-26 15:05:45.206664','2021-04-26 15:05:45.206664',1,1,'ERROR',3),(239,'Si è verificato un errore: Info test C','2021-04-26 15:05:45.206664','2021-04-26 15:05:45.206664',1,1,'ERROR',3),(240,'Si è verificato un errore: Info test A2','2021-04-26 15:08:47.849305','2021-04-26 15:08:47.849305',1,1,'ERROR',3),(241,'Si è verificato un errore: Info test A','2021-04-26 15:08:47.849305','2021-04-26 15:08:47.849305',1,1,'ERROR',3),(242,'Si è verificato un errore: Info test A','2021-04-26 15:08:47.849305','2021-04-26 15:08:47.849305',1,1,'ERROR',3),(243,'Si è verificato un errore: Info test A','2021-04-26 15:08:47.849305','2021-04-26 15:08:47.849305',1,1,'ERROR',3),(244,'Si è verificato un errore: Info test A','2021-04-26 15:08:47.849305','2021-04-26 15:08:47.849305',1,1,'ERROR',3),(245,'Si è verificato un errore: Info test A','2021-04-26 15:08:47.849305','2021-04-26 15:08:47.849305',1,1,'ERROR',3),(246,'Si è verificato un errore: Info test A','2021-04-26 15:08:47.849305','2021-04-26 15:08:47.849305',1,1,'ERROR',3),(247,'Si è verificato un errore: Info test A','2021-04-26 15:08:47.849305','2021-04-26 15:08:47.849305',1,1,'ERROR',3),(248,'Si è verificato un errore: Info test A','2021-04-26 15:08:47.849305','2021-04-26 15:08:47.849305',1,1,'ERROR',3),(249,'Si è verificato un errore: Info test A','2021-04-26 15:08:47.849305','2021-04-26 15:08:47.849305',1,1,'ERROR',3),(250,'Si è verificato un errore: Info test A','2021-04-26 15:08:47.849305','2021-04-26 15:08:47.849305',1,1,'ERROR',3),(251,'Si è verificato un errore: Info test A','2021-04-26 15:08:47.849305','2021-04-26 15:08:47.849305',1,1,'ERROR',3),(252,'Si è verificato un errore: Info test A','2021-04-26 15:08:47.849305','2021-04-26 15:08:47.849305',1,1,'ERROR',3),(253,'Si è verificato un errore: Info test A','2021-04-26 15:08:47.849305','2021-04-26 15:08:47.849305',1,1,'ERROR',3),(254,'Si è verificato un errore: Info test A','2021-04-26 15:08:47.849305','2021-04-26 15:08:47.849305',1,1,'ERROR',3),(255,'Si è verificato un errore: Info test A','2021-04-26 15:08:47.849305','2021-04-26 15:08:47.849305',1,1,'ERROR',3),(256,'Si è verificato un errore: Info test A','2021-04-26 15:08:47.849305','2021-04-26 15:08:47.849305',1,1,'ERROR',3),(257,'Si è verificato un errore: Info test A','2021-04-26 15:08:47.849305','2021-04-26 15:08:47.849305',1,1,'ERROR',3),(258,'Si è verificato un errore: Info test A','2021-04-26 15:08:47.849305','2021-04-26 15:08:47.849305',1,1,'ERROR',3),(259,'Si è verificato un errore: Info test A','2021-04-26 15:08:47.849305','2021-04-26 15:08:47.849305',1,1,'ERROR',3),(260,'Si è verificato un errore: Info test H','2021-04-26 15:08:47.849305','2021-04-26 15:08:47.849305',1,1,'ERROR',3),(261,'Si è verificato un errore: Info test S','2021-04-26 15:08:47.849305','2021-04-26 15:08:47.849305',1,1,'ERROR',3),(262,'Si è verificato un errore: Info test C','2021-04-26 15:08:47.849305','2021-04-26 15:08:47.849305',1,1,'ERROR',3),(263,'Si è verificato un errore: Info test C','2021-04-26 15:08:47.849305','2021-04-26 15:08:47.849305',1,1,'ERROR',3),(264,'Si è verificato un warning: Info test A3','2021-04-26 15:09:35.089504','2021-04-26 15:09:35.089504',1,1,'WARNING',3),(265,'Si è verificato un errore: Info test A','2021-04-26 15:09:35.089504','2021-04-26 15:09:35.089504',1,1,'ERROR',3),(266,'Si è verificato un errore: Info test A','2021-04-26 15:09:35.089504','2021-04-26 15:09:35.089504',1,1,'ERROR',3),(267,'Si è verificato un errore: Info test A','2021-04-26 15:09:35.089504','2021-04-26 15:09:35.089504',1,1,'ERROR',3),(268,'Si è verificato un errore: Info test A','2021-04-26 15:09:35.089504','2021-04-26 15:09:35.089504',1,1,'ERROR',3),(269,'Si è verificato un errore: Info test A','2021-04-26 15:09:35.089504','2021-04-26 15:09:35.089504',1,1,'ERROR',3),(270,'Si è verificato un errore: Info test A','2021-04-26 15:09:35.089504','2021-04-26 15:09:35.089504',1,1,'ERROR',3),(271,'Si è verificato un errore: Info test A','2021-04-26 15:09:35.089504','2021-04-26 15:09:35.089504',1,1,'ERROR',3),(272,'Si è verificato un errore: Info test A','2021-04-26 15:09:35.089504','2021-04-26 15:09:35.089504',1,1,'ERROR',3),(273,'Si è verificato un errore: Info test A','2021-04-26 15:09:35.089504','2021-04-26 15:09:35.089504',1,1,'ERROR',3),(274,'Si è verificato un errore: Info test A','2021-04-26 15:09:35.089504','2021-04-26 15:09:35.089504',1,1,'ERROR',3),(275,'Si è verificato un errore: Info test A','2021-04-26 15:09:35.089504','2021-04-26 15:09:35.089504',1,1,'ERROR',3),(276,'Si è verificato un errore: Info test A','2021-04-26 15:09:35.089504','2021-04-26 15:09:35.089504',1,1,'ERROR',3),(277,'Si è verificato un errore: Info test A','2021-04-26 15:09:35.089504','2021-04-26 15:09:35.089504',1,1,'ERROR',3),(278,'Si è verificato un errore: Info test A','2021-04-26 15:09:35.089504','2021-04-26 15:09:35.089504',1,1,'ERROR',3),(279,'Si è verificato un errore: Info test A','2021-04-26 15:09:35.089504','2021-04-26 15:09:35.089504',1,1,'ERROR',3),(280,'Si è verificato un errore: Info test A','2021-04-26 15:09:35.089504','2021-04-26 15:09:35.089504',1,1,'ERROR',3),(281,'Si è verificato un errore: Info test A','2021-04-26 15:09:35.089504','2021-04-26 15:09:35.089504',1,1,'ERROR',3),(282,'Si è verificato un errore: Info test A','2021-04-26 15:09:35.089504','2021-04-26 15:09:35.089504',1,1,'ERROR',3),(283,'Si è verificato un errore: Info test A','2021-04-26 15:09:35.089504','2021-04-26 15:09:35.089504',1,1,'ERROR',3),(284,'Si è verificato un errore: Info test H','2021-04-26 15:09:35.089504','2021-04-26 15:09:35.089504',1,1,'ERROR',3),(285,'Si è verificato un errore: Info test S','2021-04-26 15:09:35.089504','2021-04-26 15:09:35.089504',1,1,'ERROR',3),(286,'Si è verificato un errore: Info test C','2021-04-26 15:09:35.089504','2021-04-26 15:09:35.089504',1,1,'ERROR',3),(287,'Si è verificato un errore: Info test C','2021-04-26 15:09:35.089504','2021-04-26 15:09:35.089504',1,1,'ERROR',3),(288,'Il disco C:\\ ha lo spazio disponibile pari al 98.0%','2021-04-26 15:28:29.891751','2021-04-26 15:28:29.891751',1,1,'OK',1),(289,'Il disco D:\\ ha lo spazio disponibile pari al 98.0%','2021-04-26 15:29:34.627143','2021-04-26 15:29:34.627143',1,1,'OK',1),(290,'Il disco D:\\ ha lo spazio disponibile pari al 0.0%','2021-04-26 15:30:30.970801','2021-04-26 15:30:30.970801',1,1,'ERROR',1),(291,'Il disco D:\\ ha lo spazio disponibile pari al 2.0%','2021-04-26 17:08:27.856234','2021-04-26 17:08:27.856234',29,11,'ERROR',1),(292,'Il disco D:\\ ha lo spazio disponibile pari al 80.0%','2021-04-26 17:09:59.940092','2021-04-26 17:09:59.940092',29,11,'OK',1),(293,'Il disco D:\\ ha lo spazio disponibile pari al 17.0%','2021-04-26 17:11:48.786065','2021-04-26 17:11:48.786065',29,11,'WARNING',1),(294,'Il disco D:\\ ha lo spazio disponibile pari al 17.0%','2021-04-26 19:20:59.658944','2021-04-26 19:20:59.658944',30,4,'WARNING',1),(295,'Il disco D:\\ ha lo spazio disponibile pari al 17.0%','2021-04-26 19:34:17.558643','2021-04-26 19:34:17.559644',31,12,'WARNING',1),(296,'Si è verificato un warning: Info test A3','2021-04-26 19:37:03.632070','2021-04-26 19:37:03.632070',1,1,'WARNING',3),(297,'Si è verificato un errore: Info test A2','2021-04-26 19:37:03.632070','2021-04-26 19:37:03.632070',1,1,'ERROR',3),(298,'Si è verificato un errore: Info test A1','2021-04-26 19:37:03.632070','2021-04-26 19:37:03.632070',1,1,'ERROR',3),(299,'Si è verificato un errore: Info test A','2021-04-26 19:37:03.632070','2021-04-26 19:37:03.632070',1,1,'ERROR',3),(300,'Si è verificato un errore: Info test A','2021-04-26 19:37:03.632070','2021-04-26 19:37:03.632070',1,1,'ERROR',3),(301,'Si è verificato un errore: Info test A','2021-04-26 19:37:03.632070','2021-04-26 19:37:03.632070',1,1,'ERROR',3),(302,'Si è verificato un errore: Info test A','2021-04-26 19:37:03.632070','2021-04-26 19:37:03.632070',1,1,'ERROR',3),(303,'Si è verificato un errore: Info test A','2021-04-26 19:37:03.632070','2021-04-26 19:37:03.632070',1,1,'ERROR',3),(304,'Si è verificato un errore: Info test A','2021-04-26 19:37:03.632070','2021-04-26 19:37:03.632070',1,1,'ERROR',3),(305,'Si è verificato un errore: Info test A','2021-04-26 19:37:03.632070','2021-04-26 19:37:03.632070',1,1,'ERROR',3),(306,'Si è verificato un errore: Info test A','2021-04-26 19:37:03.632070','2021-04-26 19:37:03.632070',1,1,'ERROR',3),(307,'Si è verificato un errore: Info test A','2021-04-26 19:37:03.632070','2021-04-26 19:37:03.632070',1,1,'ERROR',3),(308,'Si è verificato un errore: Info test A','2021-04-26 19:37:03.632070','2021-04-26 19:37:03.632070',1,1,'ERROR',3),(309,'Si è verificato un errore: Info test A','2021-04-26 19:37:03.632070','2021-04-26 19:37:03.632070',1,1,'ERROR',3),(310,'Si è verificato un errore: Info test A','2021-04-26 19:37:03.632070','2021-04-26 19:37:03.632070',1,1,'ERROR',3),(311,'Si è verificato un errore: Info test A','2021-04-26 19:37:03.632070','2021-04-26 19:37:03.632070',1,1,'ERROR',3),(312,'Si è verificato un errore: Info test A','2021-04-26 19:37:03.632070','2021-04-26 19:37:03.632070',1,1,'ERROR',3),(313,'Si è verificato un errore: Info test A','2021-04-26 19:37:03.632070','2021-04-26 19:37:03.632070',1,1,'ERROR',3),(314,'Si è verificato un errore: Info test A','2021-04-26 19:37:03.632070','2021-04-26 19:37:03.632070',1,1,'ERROR',3),(315,'Si è verificato un errore: Info test A','2021-04-26 19:37:03.632070','2021-04-26 19:37:03.632070',1,1,'ERROR',3),(316,'Si è verificato un errore: Info test H','2021-04-26 19:37:03.632070','2021-04-26 19:37:03.632070',1,1,'ERROR',3),(317,'Si è verificato un errore: Info test S','2021-04-26 19:37:03.632070','2021-04-26 19:37:03.632070',1,1,'ERROR',3),(318,'Si è verificato un errore: Info test C','2021-04-26 19:37:03.632070','2021-04-26 19:37:03.632070',1,1,'ERROR',3),(319,'Si è verificato un errore: Info test C','2021-04-26 19:37:03.632070','2021-04-26 19:37:03.632070',1,1,'ERROR',3),(320,'Si è verificato un warning: Info test A3','2021-04-26 19:38:25.070610','2021-04-26 19:38:25.070610',31,12,'WARNING',3),(321,'Si è verificato un errore: Info test A2','2021-04-26 19:38:25.070610','2021-04-26 19:38:25.070610',31,12,'ERROR',3),(322,'Si è verificato un errore: Info test A1','2021-04-26 19:38:25.070610','2021-04-26 19:38:25.070610',31,12,'ERROR',3),(323,'Si è verificato un errore: Info test A','2021-04-26 19:38:25.070610','2021-04-26 19:38:25.070610',31,12,'ERROR',3),(324,'Si è verificato un errore: Info test A','2021-04-26 19:38:25.070610','2021-04-26 19:38:25.070610',31,12,'ERROR',3),(325,'Si è verificato un errore: Info test A','2021-04-26 19:38:25.070610','2021-04-26 19:38:25.070610',31,12,'ERROR',3),(326,'Si è verificato un errore: Info test A','2021-04-26 19:38:25.070610','2021-04-26 19:38:25.070610',31,12,'ERROR',3),(327,'Si è verificato un errore: Info test A','2021-04-26 19:38:25.070610','2021-04-26 19:38:25.070610',31,12,'ERROR',3),(328,'Si è verificato un errore: Info test A','2021-04-26 19:38:25.070610','2021-04-26 19:38:25.070610',31,12,'ERROR',3),(329,'Si è verificato un errore: Info test A','2021-04-26 19:38:25.070610','2021-04-26 19:38:25.070610',31,12,'ERROR',3),(330,'Si è verificato un errore: Info test A','2021-04-26 19:38:25.070610','2021-04-26 19:38:25.070610',31,12,'ERROR',3),(331,'Si è verificato un errore: Info test A','2021-04-26 19:38:25.070610','2021-04-26 19:38:25.070610',31,12,'ERROR',3),(332,'Si è verificato un errore: Info test A','2021-04-26 19:38:25.070610','2021-04-26 19:38:25.070610',31,12,'ERROR',3),(333,'Si è verificato un errore: Info test A','2021-04-26 19:38:25.070610','2021-04-26 19:38:25.070610',31,12,'ERROR',3),(334,'Si è verificato un errore: Info test A','2021-04-26 19:38:25.070610','2021-04-26 19:38:25.070610',31,12,'ERROR',3),(335,'Si è verificato un errore: Info test A','2021-04-26 19:38:25.070610','2021-04-26 19:38:25.070610',31,12,'ERROR',3),(336,'Si è verificato un errore: Info test A','2021-04-26 19:38:25.070610','2021-04-26 19:38:25.070610',31,12,'ERROR',3),(337,'Si è verificato un errore: Info test A','2021-04-26 19:38:25.070610','2021-04-26 19:38:25.070610',31,12,'ERROR',3),(338,'Si è verificato un errore: Info test A','2021-04-26 19:38:25.070610','2021-04-26 19:38:25.070610',31,12,'ERROR',3),(339,'Si è verificato un errore: Info test A','2021-04-26 19:38:25.070610','2021-04-26 19:38:25.070610',31,12,'ERROR',3),(340,'Si è verificato un errore: Info test H','2021-04-26 19:38:25.070610','2021-04-26 19:38:25.070610',31,12,'ERROR',3),(341,'Si è verificato un errore: Info test S','2021-04-26 19:38:25.070610','2021-04-26 19:38:25.070610',31,12,'ERROR',3),(342,'Si è verificato un errore: Info test C','2021-04-26 19:38:25.070610','2021-04-26 19:38:25.070610',31,12,'ERROR',3),(343,'Si è verificato un errore: Info test C','2021-04-26 19:38:25.070610','2021-04-26 19:38:25.070610',31,12,'ERROR',3),(344,'Il disco D:\\ ha lo spazio disponibile pari al 0.0%','2021-04-27 09:15:51.838824','2021-04-27 09:15:51.838824',31,12,'ERROR',1),(345,'Il disco D:\\ ha lo spazio disponibile pari al 84.0%','2021-04-27 09:16:40.352712','2021-04-27 09:16:40.352712',31,12,'OK',1),(346,'Si è verificato un errore: Info test A3','2021-04-27 09:17:39.762640','2021-04-27 09:17:39.762640',31,12,'ERROR',3),(347,'Si è verificato un errore: Info test A2','2021-04-27 09:17:39.762640','2021-04-27 09:17:39.762640',31,12,'ERROR',3),(348,'Si è verificato un errore: Info test A1','2021-04-27 09:17:39.762640','2021-04-27 09:17:39.762640',31,12,'ERROR',3),(349,'Si è verificato un errore: Info test A','2021-04-27 09:17:39.762640','2021-04-27 09:17:39.762640',31,12,'ERROR',3),(350,'Si è verificato un errore: Info test A','2021-04-27 09:17:39.762640','2021-04-27 09:17:39.762640',31,12,'ERROR',3),(351,'Si è verificato un errore: Info test A','2021-04-27 09:17:39.762640','2021-04-27 09:17:39.762640',31,12,'ERROR',3),(352,'Si è verificato un errore: Info test A','2021-04-27 09:17:39.762640','2021-04-27 09:17:39.762640',31,12,'ERROR',3),(353,'Si è verificato un errore: Info test A','2021-04-27 09:17:39.762640','2021-04-27 09:17:39.762640',31,12,'ERROR',3),(354,'Si è verificato un errore: Info test A','2021-04-27 09:17:39.762640','2021-04-27 09:17:39.762640',31,12,'ERROR',3),(355,'Si è verificato un errore: Info test A','2021-04-27 09:17:39.762640','2021-04-27 09:17:39.762640',31,12,'ERROR',3),(356,'Si è verificato un errore: Info test A','2021-04-27 09:17:39.762640','2021-04-27 09:17:39.762640',31,12,'ERROR',3),(357,'Si è verificato un errore: Info test A','2021-04-27 09:17:39.762640','2021-04-27 09:17:39.762640',31,12,'ERROR',3),(358,'Si è verificato un errore: Info test A','2021-04-27 09:17:39.762640','2021-04-27 09:17:39.762640',31,12,'ERROR',3),(359,'Si è verificato un errore: Info test A','2021-04-27 09:17:39.762640','2021-04-27 09:17:39.762640',31,12,'ERROR',3),(360,'Si è verificato un errore: Info test A','2021-04-27 09:17:39.762640','2021-04-27 09:17:39.762640',31,12,'ERROR',3),(361,'Si è verificato un errore: Info test A','2021-04-27 09:17:39.762640','2021-04-27 09:17:39.762640',31,12,'ERROR',3),(362,'Si è verificato un errore: Info test A','2021-04-27 09:17:39.762640','2021-04-27 09:17:39.762640',31,12,'ERROR',3),(363,'Si è verificato un errore: Info test A','2021-04-27 09:17:39.762640','2021-04-27 09:17:39.762640',31,12,'ERROR',3),(364,'Si è verificato un errore: Info test A','2021-04-27 09:17:39.762640','2021-04-27 09:17:39.762640',31,12,'ERROR',3),(365,'Si è verificato un errore: Info test A','2021-04-27 09:17:39.762640','2021-04-27 09:17:39.762640',31,12,'ERROR',3),(366,'Si è verificato un errore: Info test H','2021-04-27 09:17:39.762640','2021-04-27 09:17:39.762640',31,12,'ERROR',3),(367,'Si è verificato un errore: Info test S','2021-04-27 09:17:39.762640','2021-04-27 09:17:39.762640',31,12,'ERROR',3),(368,'Si è verificato un errore: Info test C','2021-04-27 09:17:39.762640','2021-04-27 09:17:39.762640',31,12,'ERROR',3),(369,'Si è verificato un errore: Info test C','2021-04-27 09:17:39.762640','2021-04-27 09:17:39.762640',31,12,'ERROR',3),(370,'Si è verificato un errore: Info test A3','2021-04-27 09:24:03.834090','2021-04-27 09:24:03.834090',31,12,'ERROR',3),(371,'Si è verificato un errore: Info test A2','2021-04-27 09:24:03.834090','2021-04-27 09:24:03.834090',31,12,'ERROR',3),(372,'Si è verificato un errore: Info test A1','2021-04-27 09:24:03.834090','2021-04-27 09:24:03.834090',31,12,'ERROR',3),(373,'Si è verificato un warning: Info test A3','2021-04-27 09:26:38.674516','2021-04-27 09:26:38.674516',31,12,'WARNING',3),(374,'Il servizio EFS presenta un errore','2021-04-27 09:43:16.818965','2021-04-27 09:43:16.818965',31,12,'ERROR',2),(375,'Il servizio EFS2 presenta un errore','2021-04-27 09:43:16.818965','2021-04-27 09:43:16.818965',31,12,'ERROR',2),(376,'Il servizio EFS3 presenta un errore','2021-04-27 09:43:16.818965','2021-04-27 09:43:16.818965',31,12,'ERROR',2),(377,'Il servizio EFS4 presenta un errore','2021-04-27 09:43:16.818965','2021-04-27 09:43:16.818965',31,12,'ERROR',2),(378,'Il disco C:\\ ha lo spazio disponibile pari al 9.0%','2021-04-27 09:43:16.947324','2021-04-27 09:43:16.947324',31,12,'ERROR',1),(379,'Il servizio EFS3 funziona correttamente','2021-04-27 09:50:06.304663','2021-04-27 09:50:06.304663',31,12,'OK',2),(380,'Il servizio EFS8 funziona correttamente','2021-04-27 10:34:48.315122','2021-04-27 10:34:48.315122',31,12,'OK',2),(381,'Il servizio EFS funziona correttamente','2021-04-27 11:35:36.709892','2021-04-27 11:35:36.709892',32,12,'OK',2),(382,'Il servizio EFS2 funziona correttamente','2021-04-27 11:35:36.709892','2021-04-27 11:35:36.709892',32,12,'OK',2),(383,'Il servizio EFS3 funziona correttamente','2021-04-27 11:35:36.709892','2021-04-27 11:35:36.709892',32,12,'OK',2),(384,'Il servizio EFS4 funziona correttamente','2021-04-27 11:35:36.709892','2021-04-27 11:35:36.709892',32,12,'OK',2),(385,'Il servizio EFS8 funziona correttamente','2021-04-27 11:35:36.709892','2021-04-27 11:35:36.709892',32,12,'OK',2),(386,'Il disco C:\\ ha lo spazio disponibile pari al 9.0%','2021-04-27 11:35:36.790904','2021-04-27 11:35:36.790904',32,12,'ERROR',1),(387,'Il servizio EFS funziona correttamente','2021-04-27 11:36:47.737850','2021-04-27 11:36:47.737850',33,12,'OK',2),(388,'Il servizio EFS2 funziona correttamente','2021-04-27 11:36:47.737850','2021-04-27 11:36:47.737850',33,12,'OK',2),(389,'Il servizio EFS3 funziona correttamente','2021-04-27 11:36:47.737850','2021-04-27 11:36:47.737850',33,12,'OK',2),(390,'Il servizio EFS4 funziona correttamente','2021-04-27 11:36:47.737850','2021-04-27 11:36:47.737850',33,12,'OK',2),(391,'Il servizio EFS8 funziona correttamente','2021-04-27 11:36:47.737850','2021-04-27 11:36:47.737850',33,12,'OK',2),(392,'Il disco C:\\ ha lo spazio disponibile pari al 100.0%','2021-04-27 11:36:47.804878','2021-04-27 11:36:47.804878',33,12,'OK',1),(393,'Si è verificato un warning: Info test A3','2021-04-27 12:28:45.036619','2021-04-27 12:28:45.036619',33,12,'WARNING',3),(394,'Il servizio EFS4 presenta un errore','2021-04-27 12:34:12.157020','2021-04-27 12:34:12.157020',33,12,'ERROR',2),(395,'Il servizio EFS4 presenta un errore','2021-04-27 12:51:30.135149','2021-04-27 12:51:30.135149',32,12,'ERROR',2),(396,'Il disco C:\\ ha lo spazio disponibile pari al 100.0%','2021-04-27 12:51:30.189160','2021-04-27 12:51:30.189160',32,12,'OK',1),(397,'Il servizio EFS funziona correttamente','2021-04-27 12:52:15.980721','2021-04-27 12:52:15.980721',32,12,'OK',2),(398,'Il servizio EFS4 funziona correttamente','2021-04-27 12:52:15.980721','2021-04-27 12:52:15.980721',32,12,'OK',2),(399,'Il servizio EFS funziona correttamente','2021-04-27 13:58:06.284747','2021-04-27 13:58:06.284747',34,12,'OK',2),(400,'Il servizio EFS2 funziona correttamente','2021-04-27 13:58:06.284747','2021-04-27 13:58:06.284747',34,12,'OK',2),(401,'Il servizio EFS3 funziona correttamente','2021-04-27 13:58:06.284747','2021-04-27 13:58:06.284747',34,12,'OK',2),(402,'Il servizio EFS4 funziona correttamente','2021-04-27 13:58:06.284747','2021-04-27 13:58:06.284747',34,12,'OK',2),(403,'Il servizio EFS8 funziona correttamente','2021-04-27 13:58:06.284747','2021-04-27 13:58:06.284747',34,12,'OK',2),(404,'Il disco C:\\ ha lo spazio disponibile pari al 100.0%','2021-04-27 13:58:06.366771','2021-04-27 13:58:06.366771',34,12,'OK',1),(405,'Il servizio EFS funziona correttamente','2021-04-27 14:12:39.932588','2021-04-27 14:12:39.932588',33,12,'OK',2),(406,'Il servizio EFS4 funziona correttamente','2021-04-27 14:12:39.932588','2021-04-27 14:12:39.932588',33,12,'OK',2),(407,'Il servizio EFS2 funziona correttamente','2021-04-27 14:13:08.816418','2021-04-27 14:13:08.816418',31,12,'OK',2),(408,'Il servizio EFS4 funziona correttamente','2021-04-27 14:13:08.816418','2021-04-27 14:13:08.816418',31,12,'OK',2),(409,'Il disco C:\\ ha lo spazio disponibile pari al 100.0%','2021-04-27 14:13:08.871436','2021-04-27 14:13:08.871436',31,12,'OK',1),(410,'Il servizio EFS funziona correttamente','2021-04-27 14:25:14.725412','2021-04-27 14:25:14.725412',13,1,'OK',2),(411,'Il servizio EFS2 funziona correttamente','2021-04-27 14:25:14.725412','2021-04-27 14:25:14.725412',13,1,'OK',2),(412,'Il servizio EFS3 funziona correttamente','2021-04-27 14:25:14.725412','2021-04-27 14:25:14.725412',13,1,'OK',2),(413,'Il servizio EFS4 funziona correttamente','2021-04-27 14:25:14.725412','2021-04-27 14:25:14.725412',13,1,'OK',2),(414,'Il servizio EFS8 funziona correttamente','2021-04-27 14:25:14.725412','2021-04-27 14:25:14.725412',13,1,'OK',2),(415,'Il disco C:\\ ha lo spazio disponibile pari al 100.0%','2021-04-27 14:25:14.802851','2021-04-27 14:25:14.802851',13,1,'OK',1),(416,'Il servizio EFS funziona correttamente','2021-04-27 14:28:05.307692','2021-04-27 14:28:05.307692',36,13,'OK',2),(417,'Il servizio EFS2 funziona correttamente','2021-04-27 14:28:05.307692','2021-04-27 14:28:05.307692',36,13,'OK',2),(418,'Il servizio EFS3 funziona correttamente','2021-04-27 14:28:05.307692','2021-04-27 14:28:05.307692',36,13,'OK',2),(419,'Il servizio EFS4 funziona correttamente','2021-04-27 14:28:05.307692','2021-04-27 14:28:05.307692',36,13,'OK',2),(420,'Il servizio EFS8 funziona correttamente','2021-04-27 14:28:05.307692','2021-04-27 14:28:05.307692',36,13,'OK',2),(421,'Il disco C:\\ ha lo spazio disponibile pari al 100.0%','2021-04-27 14:28:05.378715','2021-04-27 14:28:05.378715',36,13,'OK',1),(422,'Il servizio EFS presenta un errore','2021-04-27 14:29:15.886858','2021-04-27 14:29:15.886858',36,13,'ERROR',2),(425,'Il servizio EFS2 presenta un errore','2021-04-27 14:29:57.020482','2021-04-27 14:29:57.020482',36,13,'ERROR',2),(427,'Il servizio EFS2 funziona correttamente','2021-04-27 14:30:54.642107','2021-04-27 14:30:54.642107',36,13,'OK',2),(428,'Il disco C:\\ ha lo spazio disponibile pari al 2.0%','2021-04-27 14:30:54.689126','2021-04-27 14:30:54.689126',36,13,'ERROR',1),(429,'Il disco C:\\ ha lo spazio disponibile pari al 100.0%','2021-04-27 14:39:30.690299','2021-04-27 14:39:30.690299',36,13,'OK',1),(430,'Il servizio EFS funziona correttamente','2021-04-27 14:40:48.142715','2021-04-27 14:40:48.142715',37,13,'OK',2),(431,'Il servizio EFS2 funziona correttamente','2021-04-27 14:40:48.142715','2021-04-27 14:40:48.142715',37,13,'OK',2),(432,'Il servizio EFS3 funziona correttamente','2021-04-27 14:40:48.142715','2021-04-27 14:40:48.142715',37,13,'OK',2),(433,'Il servizio EFS4 funziona correttamente','2021-04-27 14:40:48.142715','2021-04-27 14:40:48.142715',37,13,'OK',2),(434,'Il servizio EFS8 funziona correttamente','2021-04-27 14:40:48.142715','2021-04-27 14:40:48.142715',37,13,'OK',2),(435,'Il disco C:\\ ha lo spazio disponibile pari al 100.0%','2021-04-27 14:40:48.239736','2021-04-27 14:40:48.239736',37,13,'OK',1),(437,'Il disco C:\\ ha lo spazio disponibile pari al 17.0%','2021-04-27 14:41:34.761504','2021-04-27 14:41:34.761504',37,13,'WARNING',1),(438,'Il servizio EFS presenta un errore','2021-04-27 14:42:50.137786','2021-04-27 14:42:50.137786',37,13,'ERROR',2),(439,'Il disco C:\\ ha lo spazio disponibile pari al 100.0%','2021-04-27 14:42:50.193089','2021-04-27 14:42:50.193089',37,13,'OK',1),(440,'Il servizio EFS presenta un errore','2021-04-27 14:45:47.525775','2021-04-27 14:45:47.525775',36,13,'ERROR',2),(442,'Il servizio EFS è in stato di warning','2021-04-27 14:56:44.940081','2021-04-27 14:56:44.940081',36,13,'WARNING',2),(443,'Il servizio EFS3 è in stato di warning','2021-04-27 14:56:44.940081','2021-04-27 14:56:44.940081',36,13,'WARNING',2),(444,'Il servizio EFS è in stato di warning','2021-04-27 15:18:46.970779','2021-04-27 15:18:46.970779',37,13,'WARNING',2),(445,'Il servizio EFS3 è in stato di warning','2021-04-27 15:18:46.970779','2021-04-27 15:18:46.970779',37,13,'WARNING',2),(446,'Il servizio EFS4 presenta un errore','2021-04-27 16:48:11.746520','2021-04-27 16:48:11.746520',37,13,'ERROR',2),(447,'Il servizio EFS funziona correttamente','2021-04-27 17:14:53.721059','2021-04-27 17:14:53.721059',36,13,'OK',2),(448,'Il servizio EFS3 funziona correttamente','2021-04-27 17:14:53.721059','2021-04-27 17:14:53.721059',36,13,'OK',2),(449,'Il servizio EFS funziona correttamente','2021-04-27 17:17:00.278566','2021-04-27 17:17:00.278566',38,13,'OK',2),(450,'Il servizio EFS2 funziona correttamente','2021-04-27 17:17:00.278566','2021-04-27 17:17:00.278566',38,13,'OK',2),(451,'Il servizio EFS3 funziona correttamente','2021-04-27 17:17:00.278566','2021-04-27 17:17:00.278566',38,13,'OK',2),(452,'Il servizio EFS4 funziona correttamente','2021-04-27 17:17:00.278566','2021-04-27 17:17:00.278566',38,13,'OK',2),(453,'Il servizio EFS8 funziona correttamente','2021-04-27 17:17:00.278566','2021-04-27 17:17:00.278566',38,13,'OK',2),(454,'Il disco C:\\ ha lo spazio disponibile pari al 100.0%','2021-04-27 17:17:00.361579','2021-04-27 17:17:00.361579',38,13,'OK',1),(455,'Il disco C:\\ ha lo spazio disponibile pari al 17.0%','2021-04-27 17:17:47.793994','2021-04-27 17:17:47.793994',38,13,'WARNING',1),(456,'Si è verificato un warning: Info test A3','2021-04-27 17:23:02.778351','2021-04-27 17:23:02.778351',38,13,'WARNING',3),(457,'Il disco C:\\ ha lo spazio disponibile pari al 2.0%','2021-04-27 17:26:54.797350','2021-04-27 17:26:54.798349',36,13,'ERROR',1),(460,'Il disco D:\\ ha lo spazio disponibile pari al 10.0%','2021-04-27 17:37:46.407667','2021-04-27 17:37:46.407667',36,13,'ERROR',1),(461,'Il servizio EFS è in stato di warning','2021-04-27 17:55:49.332170','2021-04-27 17:55:49.332170',36,13,'WARNING',2),(462,'Il servizio EFS3 presenta un errore','2021-04-27 17:55:49.332170','2021-04-27 17:55:49.332170',36,13,'ERROR',2),(463,'Il servizio EFS è in stato di warning','2021-04-29 10:05:32.627891','2021-04-29 10:05:32.627891',36,13,'WARNING',2),(464,'Il servizio EFS4 presenta un errore','2021-04-29 10:05:32.627891','2021-04-29 10:05:32.627891',36,13,'ERROR',2),(465,'Il servizio EFS9 funziona correttamente','2021-04-29 10:05:32.627891','2021-04-29 10:05:32.627891',36,13,'OK',2),(466,'Il servizio EFS presenta un errore','2021-04-29 10:12:55.899000','2021-04-29 10:12:55.899000',36,13,'ERROR',2),(467,'Il servizio EFS presenta un errore','2021-04-29 11:27:27.454471','2021-04-29 11:27:27.454471',38,13,'ERROR',2),(468,'Il servizio EFS3 presenta un errore','2021-04-29 11:27:27.454471','2021-04-29 11:27:27.454471',38,13,'ERROR',2),(469,'Il servizio EFS4 presenta un errore','2021-04-29 11:27:27.454471','2021-04-29 11:27:27.454471',38,13,'ERROR',2),(470,'Il servizio EFS9 funziona correttamente','2021-04-29 11:27:27.454471','2021-04-29 11:27:27.454471',38,13,'OK',2),(471,'Il disco C:\\ ha lo spazio disponibile pari al 10.0%','2021-04-29 11:27:27.591502','2021-04-29 11:27:27.591502',38,13,'ERROR',1),(472,'Il servizio EFS presenta un errore','2021-04-29 11:31:18.925355','2021-04-29 11:31:18.925355',38,13,'ERROR',2),(473,'Il servizio EFS2 è in stato di warning','2021-04-29 11:31:18.925355','2021-04-29 11:31:18.925355',38,13,'WARNING',2),(474,'Il servizio Servizio di test presenta un errore','2021-04-29 14:25:53.538738','2021-04-29 14:25:53.538738',38,13,'ERROR',2),(475,'Il servizio !Error! presenta un errore','2021-04-29 14:51:33.018916','2021-04-29 14:51:33.018916',39,13,'ERROR',2),(476,'Il servizio !Warning! è in stato di warning','2021-04-29 14:51:33.018916','2021-04-29 14:51:33.018916',39,13,'WARNING',2),(477,'Il disco C:\\ ha lo spazio disponibile pari al 10.0%','2021-04-29 14:51:33.069933','2021-04-29 14:51:33.069933',39,13,'ERROR',1),(478,'Si è verificato un warning: Info test AAA','2021-04-29 14:53:25.937323','2021-04-29 14:53:25.937323',38,13,'WARNING',3),(479,'Si è verificato un errore: Info test AAA','2021-04-29 14:53:25.937323','2021-04-29 14:53:25.937323',38,13,'ERROR',3),(480,'Si è verificato un warning: Info test AAA','2021-04-29 14:56:00.761420','2021-04-29 14:56:00.761420',39,13,'WARNING',3),(481,'Si è verificato un errore: Info test AAA','2021-04-29 14:56:00.761420','2021-04-29 14:56:00.761420',39,13,'ERROR',3),(482,'Il servizio !Error of yesterday! presenta un errore','2021-04-29 14:57:10.085852','2021-04-29 14:57:10.085852',39,13,'ERROR',2),(483,'Il servizio !Warning of yesterday! è in stato di warning','2021-04-29 14:57:10.085852','2021-04-29 14:57:10.085852',39,13,'WARNING',2),(484,'Il servizio !Error 2! presenta un errore','2021-04-29 15:13:17.654561','2021-04-29 15:13:17.654561',39,13,'ERROR',2),(485,'Il servizio !Warning of yesterday 2! è in stato di warning','2021-04-29 15:13:17.654561','2021-04-29 15:13:17.654561',39,13,'WARNING',2),(486,'Il disco C:\\ ha lo spazio disponibile pari al 88.0%','2021-04-29 15:13:17.703590','2021-04-29 15:13:17.703590',39,13,'OK',1),(487,'Il servizio !Error 2! presenta un errore','2021-04-29 15:16:04.811171','2021-04-29 15:16:04.811171',40,13,'ERROR',2),(488,'Il servizio !Warning of yesterday 2! è in stato di warning','2021-04-29 15:16:04.811171','2021-04-29 15:16:04.811171',40,13,'WARNING',2),(489,'Il disco C:\\ ha lo spazio disponibile pari al 88.0%','2021-04-29 15:16:04.852173','2021-04-29 15:16:04.852173',40,13,'OK',1),(490,'Si è verificato un warning: Info test AAA','2021-04-29 15:28:31.877699','2021-04-29 15:28:31.877699',40,13,'WARNING',3),(491,'Si è verificato un errore: Info test AAA','2021-04-29 15:28:31.877699','2021-04-29 15:28:31.877699',40,13,'ERROR',3),(492,'Il disco C:\\ ha lo spazio disponibile pari al 10.0%','2021-04-29 15:34:18.225242','2021-04-29 15:34:18.225242',40,13,'ERROR',1),(493,'Il disco D:\\ ha lo spazio disponibile pari al 10.0%','2021-04-29 15:34:35.820579','2021-04-29 15:34:35.820579',40,13,'ERROR',1),(494,'Il disco D:\\ ha lo spazio disponibile pari al 88.0%','2021-04-29 15:34:52.006475','2021-04-29 15:34:52.006475',40,13,'OK',1),(495,'Il servizio EFS presenta un errore','2021-04-29 20:26:58.743673','2021-04-29 20:26:58.743673',40,13,'ERROR',2),(496,'Il servizio EFS2 è in stato di warning','2021-04-29 20:26:58.743673','2021-04-29 20:26:58.743673',40,13,'WARNING',2),(497,'Il servizio EFS1 presenta un errore','2021-04-29 20:26:58.743673','2021-04-29 20:26:58.743673',40,13,'ERROR',2),(498,'Il servizio EFSA è in stato di warning','2021-04-29 20:26:58.743673','2021-04-29 20:26:58.743673',40,13,'WARNING',2),(499,'Il disco D:\\ ha lo spazio disponibile pari al 10.0%','2021-04-29 20:26:58.912512','2021-04-29 20:26:58.912512',40,13,'ERROR',1),(500,'Il servizio EFSFAKE presenta un errore','2021-04-30 08:48:11.746520','2021-04-30 16:48:11.746520',37,13,'ERROR',2),(501,'Il servizio EFSFAKE2 è in stato di warning','2021-04-21 08:48:11.746520','2021-04-30 08:48:11.746520',37,13,'WARNING',2);
/*!40000 ALTER TABLE `alert` ENABLE KEYS */;
UNLOCK TABLES;

--
-- Table structure for table `conf_total_free_disc_space`
--

DROP TABLE IF EXISTS `conf_total_free_disc_space`;
/*!40101 SET @saved_cs_client     = @@character_set_client */;
/*!50503 SET character_set_client = utf8mb4 */;
CREATE TABLE `conf_total_free_disc_space` (
  `id` int NOT NULL AUTO_INCREMENT,
  `date_and_time` datetime(6) DEFAULT NULL,
  `descrizione` varchar(255) DEFAULT NULL,
  `drive` varchar(255) DEFAULT NULL,
  `id_client` int NOT NULL,
  `perc_free_disc_space` double NOT NULL,
  `total_free_disc_space` varchar(20) NOT NULL,
  `total_size` varchar(20) NOT NULL,
  PRIMARY KEY (`id`)
) ENGINE=InnoDB AUTO_INCREMENT=36 DEFAULT CHARSET=utf8;
/*!40101 SET character_set_client = @saved_cs_client */;

--
-- Dumping data for table `conf_total_free_disc_space`
--

LOCK TABLES `conf_total_free_disc_space` WRITE;
/*!40000 ALTER TABLE `conf_total_free_disc_space` DISABLE KEYS */;
INSERT INTO `conf_total_free_disc_space` VALUES (1,'2021-04-16 09:35:56.780395','C','C',1,20,'20000000000000000','100000000000000000'),(5,'2021-04-13 12:20:34.997982','C','C',14,10,'10000000000000000','100000000000000000'),(6,'2021-04-13 12:20:34.997982','D','D',14,20,'20000000000000000','100000000000000000'),(7,'2021-04-16 09:35:56.780395','D','D',1,90,'90000000000000000','100000000000000000'),(8,'2021-04-20 10:04:14.615092','C','C',16,20,'20000000000000000','100000000000000000'),(9,'2021-04-20 10:04:14.615092','D','D',16,90,'90000000000000000','100000000000000000'),(10,'2021-04-23 08:59:06.589512','C','C',17,20,'20000000000000000','100000000000000000'),(11,'2021-04-23 08:59:06.589512','D','D',17,90,'90000000000000000','100000000000000000'),(12,'2021-04-23 09:00:12.868920','C','C',23,20,'20000000000000000','100000000000000000'),(13,'2021-04-23 09:00:12.868920','D','D',23,90,'90000000000000000','100000000000000000'),(14,'2021-04-24 10:46:02.139646','','C:\\',26,80,'204505988096','254505988096'),(15,'2021-04-23 12:04:44.900307','','C:\\',27,2,'4505988096','254505988096'),(16,'2021-04-26 09:56:04.601490','','C:\\',29,98,'250505988096','254505988096'),(17,'2021-04-26 15:28:52.179612','','C:\\',1,98,'250505988096','254505988096'),(18,'2021-04-26 15:30:30.962798','','D:\\',1,0,'0505988096','254505988096'),(19,'2021-04-26 17:11:48.780049','','D:\\',29,17,'44505988096','254505988096'),(20,'2021-04-26 19:32:33.530509','','D:\\',30,17,'44505988096','254505988096'),(21,'2021-04-27 09:16:40.341698','','D:\\',31,84,'214505988096','254505988096'),(22,'2021-04-27 14:13:08.816418','','C:\\',31,100,'254505988096','254505988096'),(23,'2021-04-27 14:13:05.524044','','C:\\',32,100,'254505988096','254505988096'),(24,'2021-04-27 14:12:39.932588','','C:\\',33,100,'254505988096','254505988096'),(25,'2021-04-27 13:58:06.284747','','C:\\',34,100,'254505988096','254505988096'),(26,'2021-04-27 14:25:14.725412','','C:\\',13,100,'254505988096','254505988096'),(27,'2021-04-29 10:33:10.701804','','C:\\',36,10,'24505988096','254505988096'),(28,'2021-04-27 16:48:11.746520','','C:\\',37,100,'254505988096','254505988096'),(29,'2021-04-29 14:25:53.538738','','C:\\',38,10,'24505988096','254505988096'),(32,'2021-04-27 17:37:46.388664','','D:\\',36,10,'24505988096','254505988096'),(33,'2021-04-29 15:14:58.961687','','C:\\',39,88,'224505988096','254505988096'),(34,'2021-04-29 15:34:18.188164','','C:\\',40,10,'24505988096','254505988096'),(35,'2021-04-29 20:26:58.743673','','D:\\',40,10,'24505988096','254505988096');
/*!40000 ALTER TABLE `conf_total_free_disc_space` ENABLE KEYS */;
UNLOCK TABLES;

--
-- Table structure for table `conf_windows_services`
--

DROP TABLE IF EXISTS `conf_windows_services`;
/*!40101 SET @saved_cs_client     = @@character_set_client */;
/*!50503 SET character_set_client = utf8mb4 */;
CREATE TABLE `conf_windows_services` (
  `id` int NOT NULL AUTO_INCREMENT,
  `date_and_time` datetime(6) DEFAULT NULL,
  `description` varchar(255) DEFAULT NULL,
  `display_name` varchar(255) DEFAULT NULL,
  `service_type` varchar(255) NOT NULL,
  `start_type` int NOT NULL,
  `stato` int NOT NULL,
  `id_client` int DEFAULT NULL,
  `nome_servizio` varchar(255) DEFAULT NULL,
  PRIMARY KEY (`id`),
  KEY `FKmqd53i0wh0trbaw0cs4j9nbmd` (`id_client`),
  KEY `FKgweg5amjhfcpfifx1e0kx7olq` (`nome_servizio`)
) ENGINE=InnoDB AUTO_INCREMENT=309 DEFAULT CHARSET=utf8;
/*!40101 SET character_set_client = @saved_cs_client */;

--
-- Dumping data for table `conf_windows_services`
--

LOCK TABLES `conf_windows_services` WRITE;
/*!40000 ALTER TABLE `conf_windows_services` DISABLE KEYS */;
INSERT INTO `conf_windows_services` VALUES (2,'2021-04-12 14:10:54.155083',NULL,'ActiveX Installer (AxInstSV)3','1',1,1,1,'ActiveX Installer (AxInstSV)3'),(3,'2021-04-12 14:10:54.155083',NULL,'Adobe Genuine Software Integrity Service3','1',1,1,1,'Adobe Genuine Software Integrity Service3'),(4,'2021-04-12 14:10:54.155083',NULL,'AdobeUpdateService3','1',1,1,1,'AdobeUpdateService3'),(5,'2021-04-12 14:13:03.690581',NULL,'ActiveX Installer (AxInstSV)3','1',1,1,1,'ActiveX Installer (AxInstSV)3'),(6,'2021-04-12 14:13:03.690581',NULL,'Adobe Genuine Software Integrity Service3','1',1,1,1,'Adobe Genuine Software Integrity Service3'),(7,'2021-04-12 14:13:03.690581',NULL,'AdobeUpdateService3','1',1,4,1,'AdobeUpdateService3'),(8,'2021-04-13 10:29:17.883958',NULL,'ActiveX Installer (AxInstSV)','1',1,4,14,'ActiveX Installer (AxInstSV)'),(9,'2021-04-13 10:29:17.883958',NULL,'Adobe Genuine Software Integrity Service','1',1,4,14,'Adobe Genuine Software Integrity Service'),(10,'2021-04-13 10:29:17.883958',NULL,'AdobeUpdateService','1',1,4,14,'AdobeUpdateService'),(11,'2021-04-13 10:30:49.141768',NULL,'ActiveX Installer (AxInstSV)','1',1,1,14,'ActiveX Installer (AxInstSV)'),(12,'2021-04-13 10:30:49.141768',NULL,'Adobe Genuine Software Integrity Service','1',1,2,14,'Adobe Genuine Software Integrity Service'),(13,'2021-04-13 10:30:49.141768',NULL,'AdobeUpdateService','1',1,4,14,'AdobeUpdateService'),(14,'2021-04-13 11:02:09.247302',NULL,'ActiveX Installer (AxInstSV)','1',1,1,14,'ActiveX Installer (AxInstSV)'),(15,'2021-04-13 11:02:09.247302',NULL,'Adobe Genuine Software Integrity Service','1',1,2,14,'Adobe Genuine Software Integrity Service'),(16,'2021-04-13 11:02:09.247302',NULL,'AdobeUpdateService','1',1,4,14,'AdobeUpdateService'),(17,'2021-04-13 11:02:40.095747',NULL,'ActiveX Installer (AxInstSV)A','1',1,1,14,'ActiveX Installer (AxInstSV)A'),(18,'2021-04-13 11:02:40.095747',NULL,'Adobe Genuine Software Integrity Service','1',1,2,14,'Adobe Genuine Software Integrity Service'),(19,'2021-04-13 11:02:40.095747',NULL,'AdobeUpdateService','1',1,4,14,'AdobeUpdateService'),(20,'2021-04-13 11:07:48.704012',NULL,'ActiveX Installer (AxInstSV)A','1',1,1,14,'ActiveX Installer (AxInstSV)A'),(21,'2021-04-13 11:07:48.704012',NULL,'Adobe Genuine Software Integrity Service','1',1,2,14,'Adobe Genuine Software Integrity Service'),(22,'2021-04-13 11:07:48.704012',NULL,'AdobeUpdateService','1',1,4,14,'AdobeUpdateService'),(23,'2021-04-13 11:08:25.890125',NULL,'ActiveX Installer (AxInstSV)A','1',1,1,14,'ActiveX Installer (AxInstSV)A'),(24,'2021-04-13 11:08:25.890125',NULL,'Adobe Genuine Software Integrity Service','1',1,2,14,'Adobe Genuine Software Integrity Service'),(25,'2021-04-13 11:08:25.890125',NULL,'AdobeUpdateService','1',1,4,14,'AdobeUpdateService'),(26,'2021-04-13 12:15:32.133611',NULL,'ActiveX Installer (AxInstSV)A','1',1,1,14,'ActiveX Installer (AxInstSV)A'),(27,'2021-04-13 12:15:32.133611',NULL,'Adobe Genuine Software Integrity Service','1',1,2,14,'Adobe Genuine Software Integrity Service'),(28,'2021-04-13 12:15:32.133611',NULL,'AdobeUpdateService','1',1,4,14,'AdobeUpdateService'),(29,'2021-04-13 12:16:19.897418',NULL,'ActiveX Installer (AxInstSV)A','1',1,1,14,'ActiveX Installer (AxInstSV)A'),(30,'2021-04-13 12:16:19.897418',NULL,'Adobe Genuine Software Integrity Service','1',1,2,14,'Adobe Genuine Software Integrity Service'),(31,'2021-04-13 12:16:19.897418',NULL,'AdobeUpdateService','1',1,4,14,'AdobeUpdateService'),(32,'2021-04-13 12:16:49.344468',NULL,'ActiveX Installer (AxInstSV)A','1',1,1,14,'ActiveX Installer (AxInstSV)A'),(33,'2021-04-13 12:16:49.344468',NULL,'Adobe Genuine Software Integrity Service','1',1,2,14,'Adobe Genuine Software Integrity Service'),(34,'2021-04-13 12:16:49.344468',NULL,'AdobeUpdateService','1',1,4,14,'AdobeUpdateService'),(35,'2021-04-13 12:17:15.291751',NULL,'ActiveX Installer (AxInstSV)A','1',1,1,14,'ActiveX Installer (AxInstSV)A'),(36,'2021-04-13 12:17:15.291751',NULL,'Adobe Genuine Software Integrity Service','1',1,2,14,'Adobe Genuine Software Integrity Service'),(37,'2021-04-13 12:17:15.291751',NULL,'AdobeUpdateService','1',1,4,14,'AdobeUpdateService'),(38,'2021-04-13 12:20:34.997982',NULL,'ActiveX Installer (AxInstSV)A','1',1,1,14,'ActiveX Installer (AxInstSV)A'),(39,'2021-04-13 12:20:34.997982',NULL,'Adobe Genuine Software Integrity Service','1',1,2,14,'Adobe Genuine Software Integrity Service'),(40,'2021-04-13 12:20:34.997982',NULL,'AdobeUpdateService','1',1,4,14,'AdobeUpdateService'),(41,'2021-04-13 12:23:07.534573',NULL,'ActiveX Installer (AxInstSV)A','1',1,1,14,'ActiveX Installer (AxInstSV)A'),(42,'2021-04-13 12:23:07.534573',NULL,'Adobe Genuine Software Integrity Service','1',1,2,14,'Adobe Genuine Software Integrity Service'),(43,'2021-04-13 12:23:07.534573',NULL,'AdobeUpdateService','1',1,4,14,'AdobeUpdateService'),(44,'2021-04-13 12:26:01.900035',NULL,'ActiveX Installer (AxInstSV)A','1',1,1,14,'ActiveX Installer (AxInstSV)A'),(45,'2021-04-13 12:26:01.900035',NULL,'Adobe Genuine Software Integrity Service','1',1,2,14,'Adobe Genuine Software Integrity Service'),(46,'2021-04-13 12:26:01.900035',NULL,'AdobeUpdateService','1',1,4,14,'AdobeUpdateService'),(47,'2021-04-13 12:28:03.742594',NULL,'ActiveX Installer (AxInstSV)A','1',1,1,14,'ActiveX Installer (AxInstSV)A'),(48,'2021-04-13 12:28:03.742594',NULL,'Adobe Genuine Software Integrity Service','1',1,2,14,'Adobe Genuine Software Integrity Service'),(49,'2021-04-13 12:28:03.742594',NULL,'AdobeUpdateService','1',1,4,14,'AdobeUpdateService'),(50,'2021-04-13 12:29:11.605838',NULL,'ActiveX Installer (AxInstSV)A','1',1,1,14,'ActiveX Installer (AxInstSV)A'),(51,'2021-04-13 12:29:11.605838',NULL,'Adobe Genuine Software Integrity Service','1',1,2,14,'Adobe Genuine Software Integrity Service'),(52,'2021-04-13 12:29:11.605838',NULL,'AdobeUpdateService','1',1,4,14,'AdobeUpdateService'),(53,'2021-04-13 12:30:19.049638',NULL,'ActiveX Installer (AxInstSV)A','1',1,1,14,'ActiveX Installer (AxInstSV)A'),(54,'2021-04-13 12:30:19.049638',NULL,'Adobe Genuine Software Integrity Service','1',1,2,14,'Adobe Genuine Software Integrity Service'),(55,'2021-04-13 12:30:19.049638',NULL,'AdobeUpdateService','1',1,4,14,'AdobeUpdateService'),(56,'2021-04-13 12:32:37.633081',NULL,'ActiveX Installer (AxInstSV)A','1',1,1,14,'ActiveX Installer (AxInstSV)A'),(57,'2021-04-13 12:32:37.633081',NULL,'Adobe Genuine Software Integrity Service','1',1,2,14,'Adobe Genuine Software Integrity Service'),(58,'2021-04-13 12:32:37.633081',NULL,'AdobeUpdateService','1',1,4,14,'AdobeUpdateService'),(59,'2021-04-13 13:01:38.538568',NULL,'ActiveX Installer (AxInstSV)A','1',1,1,1,'ActiveX Installer (AxInstSV)A'),(60,'2021-04-13 13:01:38.538568',NULL,'Adobe Genuine Software Integrity Service','1',1,2,1,'Adobe Genuine Software Integrity Service'),(61,'2021-04-13 13:01:38.538568',NULL,'AdobeUpdateService','1',1,4,1,'AdobeUpdateService'),(62,'2021-04-13 15:58:16.469808',NULL,'ActiveX Installer (AxInstSV)A','1',1,1,1,'ActiveX Installer (AxInstSV)A'),(63,'2021-04-13 15:58:16.469808',NULL,'Adobe Genuine Software Integrity Service','1',1,2,1,'Adobe Genuine Software Integrity Service'),(64,'2021-04-13 15:58:16.469808',NULL,'AdobeUpdateService','1',1,4,1,'AdobeUpdateService'),(65,'2021-04-13 15:58:25.578141',NULL,'ActiveX Installer (AxInstSV)A','1',1,1,1,'ActiveX Installer (AxInstSV)A'),(66,'2021-04-13 15:58:25.578141',NULL,'Adobe Genuine Software Integrity Service','1',1,2,1,'Adobe Genuine Software Integrity Service'),(67,'2021-04-13 15:58:25.578141',NULL,'AdobeUpdateService','1',1,4,1,'AdobeUpdateService'),(68,'2021-04-13 15:59:01.979374',NULL,'ActiveX Installer (AxInstSV)A','1',1,1,1,'ActiveX Installer (AxInstSV)A'),(69,'2021-04-13 15:59:01.979374',NULL,'Adobe Genuine Software Integrity Service','1',1,2,1,'Adobe Genuine Software Integrity Service'),(70,'2021-04-13 15:59:01.979374',NULL,'AdobeUpdateService','1',1,4,1,'AdobeUpdateService'),(71,'2021-04-13 16:00:05.892493',NULL,'ActiveX Installer (AxInstSV)A','1',1,1,1,'ActiveX Installer (AxInstSV)A'),(72,'2021-04-13 16:00:05.892493',NULL,'Adobe Genuine Software Integrity Service','1',1,2,1,'Adobe Genuine Software Integrity Service'),(73,'2021-04-13 16:00:05.892493',NULL,'AdobeUpdateService','1',1,4,1,'AdobeUpdateService'),(74,'2021-04-13 16:00:20.918120',NULL,'ActiveX Installer (AxInstSV)A','1',1,1,1,'ActiveX Installer (AxInstSV)A'),(75,'2021-04-13 16:00:20.918120',NULL,'Adobe Genuine Software Integrity Service','1',1,2,1,'Adobe Genuine Software Integrity Service'),(76,'2021-04-13 16:00:20.918120',NULL,'AdobeUpdateService','1',1,4,1,'AdobeUpdateService'),(77,'2021-04-13 16:02:36.474883',NULL,'ActiveX Installer (AxInstSV)A','1',1,1,1,'ActiveX Installer (AxInstSV)A'),(78,'2021-04-13 16:02:36.474883',NULL,'Adobe Genuine Software Integrity Service','1',1,2,1,'Adobe Genuine Software Integrity Service'),(79,'2021-04-13 16:02:36.474883',NULL,'AdobeUpdateService','1',1,4,1,'AdobeUpdateService'),(80,'2021-04-13 16:03:24.012160',NULL,'ActiveX Installer (AxInstSV)A','1',1,1,1,'ActiveX Installer (AxInstSV)A'),(81,'2021-04-13 16:03:24.012160',NULL,'Adobe Genuine Software Integrity Service','1',1,2,1,'Adobe Genuine Software Integrity Service'),(82,'2021-04-13 16:03:24.012160',NULL,'AdobeUpdateService','1',1,4,1,'AdobeUpdateService'),(83,'2021-04-13 16:03:44.400709',NULL,'ActiveX Installer (AxInstSV)A','1',1,1,1,'ActiveX Installer (AxInstSV)A'),(84,'2021-04-13 16:03:44.400709',NULL,'Adobe Genuine Software Integrity Service','1',1,2,1,'Adobe Genuine Software Integrity Service'),(85,'2021-04-13 16:03:44.400709',NULL,'AdobeUpdateService','1',1,4,1,'AdobeUpdateService'),(86,'2021-04-13 16:05:29.027978',NULL,'ActiveX Installer (AxInstSV)A','1',1,1,1,'ActiveX Installer (AxInstSV)A'),(87,'2021-04-13 16:05:29.027978',NULL,'Adobe Genuine Software Integrity Service','1',1,2,1,'Adobe Genuine Software Integrity Service'),(88,'2021-04-13 16:05:29.027978',NULL,'AdobeUpdateService','1',1,4,1,'AdobeUpdateService'),(89,'2021-04-13 16:12:02.026025',NULL,'ActiveX Installer (AxInstSV)A','1',1,1,1,'ActiveX Installer (AxInstSV)A'),(90,'2021-04-13 16:12:02.026025',NULL,'Adobe Genuine Software Integrity Service','1',1,2,1,'Adobe Genuine Software Integrity Service'),(91,'2021-04-13 16:12:02.026025',NULL,'AdobeUpdateService','1',1,4,1,'AdobeUpdateService'),(92,'2021-04-13 16:14:33.772937',NULL,'ActiveX Installer (AxInstSV)A','1',1,1,1,'ActiveX Installer (AxInstSV)A'),(93,'2021-04-13 16:14:33.772937',NULL,'Adobe Genuine Software Integrity Service','1',1,2,1,'Adobe Genuine Software Integrity Service'),(94,'2021-04-13 16:14:33.772937',NULL,'AdobeUpdateService','1',1,4,1,'AdobeUpdateService'),(95,'2021-04-16 09:25:33.037965',NULL,'ActiveX Installer (AxInstSV)A','1',1,1,1,'ActiveX Installer (AxInstSV)A'),(96,'2021-04-16 09:25:33.037965',NULL,'Adobe Genuine Software Integrity Service','1',1,2,1,'Adobe Genuine Software Integrity Service'),(97,'2021-04-16 09:25:33.037965',NULL,'AdobeUpdateService','1',1,4,1,'AdobeUpdateService'),(98,'2021-04-16 09:26:40.093312',NULL,'ActiveX Installer (AxInstSV)A','1',1,1,1,'ActiveX Installer (AxInstSV)A'),(99,'2021-04-16 09:26:40.093312',NULL,'Adobe Genuine Software Integrity Service','1',1,2,1,'Adobe Genuine Software Integrity Service'),(100,'2021-04-16 09:26:40.093312',NULL,'AdobeUpdateService','1',1,4,1,'AdobeUpdateService'),(101,'2021-04-16 09:35:56.780395',NULL,'ActiveX Installer (AxInstSV)A','1',1,1,1,'ActiveX Installer (AxInstSV)A'),(102,'2021-04-16 09:35:56.780395',NULL,'Adobe Genuine Software Integrity Service','1',1,2,1,'Adobe Genuine Software Integrity Service'),(103,'2021-04-16 09:35:56.780395',NULL,'AdobeUpdateService','1',1,4,1,'AdobeUpdateService'),(104,'2021-04-20 10:04:14.615092',NULL,'ActiveX Installer (AxInstSV)A','1',1,1,16,'ActiveX Installer (AxInstSV)A'),(105,'2021-04-20 10:04:14.615092',NULL,'Adobe Genuine Software Integrity Service','1',1,2,16,'Adobe Genuine Software Integrity Service'),(106,'2021-04-20 10:04:14.615092',NULL,'AdobeUpdateService','1',1,4,16,'AdobeUpdateService'),(107,'2021-04-20 14:21:18.593214',NULL,'ActiveX Installer (AxInstSV)A','1',1,1,17,'ActiveX Installer (AxInstSV)A'),(108,'2021-04-20 14:21:18.593214',NULL,'Adobe Genuine Software Integrity Service','1',1,2,17,'Adobe Genuine Software Integrity Service'),(109,'2021-04-20 14:21:18.593214',NULL,'AdobeUpdateService','1',1,4,17,'AdobeUpdateService'),(110,'2021-04-23 08:59:06.589512',NULL,'ActiveX Installer (AxInstSV)A','1',1,1,17,'ActiveX Installer (AxInstSV)A'),(111,'2021-04-23 08:59:06.589512',NULL,'Adobe Genuine Software Integrity Service','1',1,2,17,'Adobe Genuine Software Integrity Service'),(112,'2021-04-23 08:59:06.589512',NULL,'AdobeUpdateService','1',1,4,17,'AdobeUpdateService'),(113,'2021-04-23 09:00:12.868920',NULL,'ActiveX Installer (AxInstSV)A','1',1,1,23,'ActiveX Installer (AxInstSV)A'),(114,'2021-04-23 09:00:12.868920',NULL,'Adobe Genuine Software Integrity Service','1',1,2,23,'Adobe Genuine Software Integrity Service'),(115,'2021-04-23 09:00:12.868920',NULL,'AdobeUpdateService','1',1,4,23,'AdobeUpdateService'),(116,'2021-04-23 09:34:14.101168',NULL,'EFS (Encrypting File System)','Win32ShareProcess',3,1,26,'EFS'),(117,'2021-04-23 09:34:14.101168',NULL,'EFS2 (Encrypting File System)','Win32ShareProcess',3,1,26,'EFS2'),(118,'2021-04-23 09:34:14.101168',NULL,'EFS3 (Encrypting File System)','Win32ShareProcess',3,1,26,'EFS3'),(119,'2021-04-23 09:34:14.101168',NULL,'EFS4 (Encrypting File System)','Win32ShareProcess',3,1,26,'EFS4'),(120,'2021-04-23 09:38:07.355140',NULL,'EFS (Encrypting File System)','Win32ShareProcess',3,1,26,'EFS'),(121,'2021-04-23 09:38:07.355140',NULL,'EFS2 (Encrypting File System)','Win32ShareProcess',3,1,26,'EFS2'),(122,'2021-04-23 09:38:07.355140',NULL,'EFS3 (Encrypting File System)','Win32ShareProcess',3,1,26,'EFS3'),(123,'2021-04-23 09:38:07.355140',NULL,'EFS4 (Encrypting File System)','Win32ShareProcess',3,1,26,'EFS4'),(124,'2021-04-23 09:38:57.772353',NULL,'EFS (Encrypting File System)','Win32ShareProcess',3,1,26,'EFS'),(125,'2021-04-23 09:38:57.772353',NULL,'EFS2 (Encrypting File System)','Win32ShareProcess',3,1,26,'EFS2'),(126,'2021-04-23 09:38:57.772353',NULL,'EFS3 (Encrypting File System)','Win32ShareProcess',3,1,26,'EFS3'),(127,'2021-04-23 09:38:57.772353',NULL,'EFS4 (Encrypting File System)','Win32ShareProcess',3,1,26,'EFS4'),(128,'2021-04-23 10:18:31.703008',NULL,'EFS (Encrypting File System)','Win32ShareProcess',3,1,26,'EFS'),(129,'2021-04-23 10:18:31.703008',NULL,'EFS2 (Encrypting File System)','Win32ShareProcess',3,1,26,'EFS2'),(130,'2021-04-23 10:18:31.703008',NULL,'EFS3 (Encrypting File System)','Win32ShareProcess',3,1,26,'EFS3'),(131,'2021-04-23 10:18:31.703008',NULL,'EFS4 (Encrypting File System)','Win32ShareProcess',3,1,26,'EFS4'),(132,'2021-04-23 10:30:30.238638',NULL,'EFS (Encrypting File System)','Win32ShareProcess',3,1,26,'EFS'),(133,'2021-04-23 10:30:30.238638',NULL,'EFS2 (Encrypting File System)','Win32ShareProcess',3,1,26,'EFS2'),(134,'2021-04-23 10:30:30.238638',NULL,'EFS3 (Encrypting File System)','Win32ShareProcess',3,1,26,'EFS3'),(135,'2021-04-23 10:30:30.238638',NULL,'EFS4 (Encrypting File System)','Win32ShareProcess',3,1,26,'EFS4'),(136,'2021-04-23 10:32:19.918387',NULL,'EFS (Encrypting File System)','Win32ShareProcess',3,1,26,'EFS'),(137,'2021-04-23 10:32:19.918387',NULL,'EFS2 (Encrypting File System)','Win32ShareProcess',3,1,26,'EFS2'),(138,'2021-04-23 10:32:19.918387',NULL,'EFS3 (Encrypting File System)','Win32ShareProcess',3,1,26,'EFS3'),(139,'2021-04-23 10:32:19.918387',NULL,'EFS4 (Encrypting File System)','Win32ShareProcess',3,1,26,'EFS4'),(140,'2021-04-23 10:35:48.958221',NULL,'EFS (Encrypting File System)','Win32ShareProcess',3,1,26,'EFS'),(141,'2021-04-23 10:35:48.958221',NULL,'EFS2 (Encrypting File System)','Win32ShareProcess',3,4,26,'EFS2'),(142,'2021-04-23 10:35:48.958221',NULL,'EFS3 (Encrypting File System)','Win32ShareProcess',3,4,26,'EFS3'),(143,'2021-04-23 10:35:48.958221',NULL,'EFS4 (Encrypting File System)','Win32ShareProcess',3,1,26,'EFS4'),(144,'2021-04-23 12:03:13.272004',NULL,'EFS (Encrypting File System)','Win32ShareProcess',3,1,27,'EFS'),(145,'2021-04-23 12:03:13.272004',NULL,'EFS2 (Encrypting File System)','Win32ShareProcess',3,4,27,'EFS2'),(146,'2021-04-23 12:03:13.272004',NULL,'EFS3 (Encrypting File System)','Win32ShareProcess',3,4,27,'EFS3'),(147,'2021-04-23 12:03:13.272004',NULL,'EFS4 (Encrypting File System)','Win32ShareProcess',3,1,27,'EFS4'),(148,'2021-04-23 12:04:44.900307',NULL,'EFS (Encrypting File System)','Win32ShareProcess',3,1,27,'EFS'),(149,'2021-04-23 12:04:44.900307',NULL,'EFS2 (Encrypting File System)','Win32ShareProcess',3,1,27,'EFS2'),(150,'2021-04-23 12:04:44.900307',NULL,'EFS3 (Encrypting File System)','Win32ShareProcess',3,4,27,'EFS3'),(151,'2021-04-23 12:04:44.900307',NULL,'EFS4 (Encrypting File System)','Win32ShareProcess',3,1,27,'EFS4'),(152,'2021-04-23 15:33:10.630395',NULL,'EFS (Encrypting File System)','Win32ShareProcess',3,1,26,'EFS'),(153,'2021-04-23 15:33:10.630395',NULL,'EFS2 (Encrypting File System)','Win32ShareProcess',3,1,26,'EFS2'),(154,'2021-04-23 15:33:10.630395',NULL,'EFS3 (Encrypting File System)','Win32ShareProcess',3,4,26,'EFS3'),(155,'2021-04-23 15:33:10.630395',NULL,'EFS4 (Encrypting File System)','Win32ShareProcess',3,1,26,'EFS4'),(156,'2021-04-23 18:18:54.011354',NULL,'EFS (Encrypting File System)','Win32ShareProcess',3,1,26,'EFS'),(157,'2021-04-23 18:18:54.011354',NULL,'EFS2 (Encrypting File System)','Win32ShareProcess',3,4,26,'EFS2'),(158,'2021-04-23 18:18:54.011354',NULL,'EFS3 (Encrypting File System)','Win32ShareProcess',3,4,26,'EFS3'),(159,'2021-04-23 18:18:54.011354',NULL,'EFS4 (Encrypting File System)','Win32ShareProcess',3,4,26,'EFS4'),(160,'2021-04-23 18:22:30.906442',NULL,'EFS (Encrypting File System)','Win32ShareProcess',3,4,26,'EFS'),(161,'2021-04-23 18:22:30.906442',NULL,'EFS2 (Encrypting File System)','Win32ShareProcess',3,1,26,'EFS2'),(162,'2021-04-23 18:22:30.906442',NULL,'EFS3 (Encrypting File System)','Win32ShareProcess',3,1,26,'EFS3'),(163,'2021-04-23 18:22:30.906442',NULL,'EFS4 (Encrypting File System)','Win32ShareProcess',3,1,26,'EFS4'),(164,'2021-04-23 18:24:28.368449',NULL,'EFS (Encrypting File System)','Win32ShareProcess',3,4,26,'EFS'),(165,'2021-04-23 18:24:28.368449',NULL,'EFS2 (Encrypting File System)','Win32ShareProcess',3,4,26,'EFS2'),(166,'2021-04-23 18:24:28.368449',NULL,'EFS3 (Encrypting File System)','Win32ShareProcess',3,4,26,'EFS3'),(167,'2021-04-23 18:24:28.368449',NULL,'EFS4 (Encrypting File System)','Win32ShareProcess',3,4,26,'EFS4'),(168,'2021-04-24 09:53:34.556083',NULL,'EFS4 (Encrypting File System)','Win32ShareProcess',3,4,26,'EFS4'),(169,'2021-04-24 09:54:04.072104',NULL,'EFS4 (Encrypting File System)','Win32ShareProcess',3,4,26,'EFS4'),(170,'2021-04-24 09:55:40.109880',NULL,'EFS4 (Encrypting File System)','Win32ShareProcess',3,4,26,'EFS4'),(171,'2021-04-24 09:56:43.948179',NULL,'EFS4 (Encrypting File System)','Win32ShareProcess',3,4,26,'EFS4'),(172,'2021-04-24 09:59:45.049331',NULL,'EFS4 (Encrypting File System)','Win32ShareProcess',3,4,26,'EFS4'),(173,'2021-04-24 10:00:15.452466',NULL,'EFS4 (Encrypting File System)','Win32ShareProcess',3,4,26,'EFS4'),(174,'2021-04-24 10:00:29.280996',NULL,'EFS4 (Encrypting File System)','Win32ShareProcess',3,1,26,'EFS4'),(175,'2021-04-24 10:03:15.557166',NULL,'EFS4 (Encrypting File System)','Win32ShareProcess',3,1,26,'EFS4'),(176,'2021-04-24 10:03:55.749865',NULL,'EFS4 (Encrypting File System)','Win32ShareProcess',3,4,26,'EFS4'),(177,'2021-04-24 10:04:09.932911',NULL,'EFS4 (Encrypting File System)','Win32ShareProcess',3,4,26,'EFS4'),(178,'2021-04-24 10:05:08.239737',NULL,'EFS4 (Encrypting File System)','Win32ShareProcess',3,4,26,'EFS4'),(179,'2021-04-24 10:05:28.280336',NULL,'EFS4 (Encrypting File System)','Win32ShareProcess',3,4,26,'EFS4'),(180,'2021-04-24 10:05:41.464424',NULL,'EFS4 (Encrypting File System)','Win32ShareProcess',3,1,26,'EFS4'),(181,'2021-04-24 10:11:15.941709',NULL,'EFS5 (Encrypting File System)','Win32ShareProcess',3,4,26,'EFS5'),(182,'2021-04-24 10:11:15.941709',NULL,'EFS6 (Encrypting File System)','Win32ShareProcess',3,4,26,'EFS6'),(183,'2021-04-24 10:11:15.941709',NULL,'EFS7 (Encrypting File System)','Win32ShareProcess',3,4,26,'EFS7'),(184,'2021-04-24 10:11:15.941709',NULL,'EFS8 (Encrypting File System)','Win32ShareProcess',3,4,26,'EFS8'),(185,'2021-04-24 10:15:17.247109',NULL,'EFS5 (Encrypting File System)','Win32ShareProcess',3,4,26,'EFS5'),(186,'2021-04-24 10:15:17.247109',NULL,'EFS6 (Encrypting File System)','Win32ShareProcess',3,4,26,'EFS6'),(187,'2021-04-24 10:15:17.247109',NULL,'EFS7 (Encrypting File System)','Win32ShareProcess',3,4,26,'EFS7'),(188,'2021-04-24 10:15:17.247109',NULL,'EFS8 (Encrypting File System)','Win32ShareProcess',3,4,26,'EFS8'),(189,'2021-04-24 10:18:18.654429',NULL,'EFS5 (Encrypting File System)','Win32ShareProcess',3,4,26,'EFS5'),(190,'2021-04-24 10:18:18.654429',NULL,'EFS6 (Encrypting File System)','Win32ShareProcess',3,4,26,'EFS6'),(191,'2021-04-24 10:18:18.654429',NULL,'EFS7 (Encrypting File System)','Win32ShareProcess',3,4,26,'EFS7'),(192,'2021-04-24 10:18:18.654429',NULL,'EFS8 (Encrypting File System)','Win32ShareProcess',3,4,26,'EFS8'),(193,'2021-04-24 10:21:06.231196',NULL,'EFS5 (Encrypting File System)','Win32ShareProcess',3,4,26,'EFS5'),(194,'2021-04-24 10:21:06.231196',NULL,'EFS6 (Encrypting File System)','Win32ShareProcess',3,4,26,'EFS6'),(195,'2021-04-24 10:21:06.231196',NULL,'EFS7 (Encrypting File System)','Win32ShareProcess',3,4,26,'EFS7'),(196,'2021-04-24 10:21:06.231196',NULL,'EFS8 (Encrypting File System)','Win32ShareProcess',3,4,26,'EFS8'),(197,'2021-04-24 10:23:39.138661',NULL,'EFS5 (Encrypting File System)','Win32ShareProcess',3,4,26,'EFS5'),(198,'2021-04-24 10:23:39.138661',NULL,'EFS6 (Encrypting File System)','Win32ShareProcess',3,4,26,'EFS6'),(199,'2021-04-24 10:23:39.138661',NULL,'EFS7 (Encrypting File System)','Win32ShareProcess',3,4,26,'EFS7'),(200,'2021-04-24 10:23:39.138661',NULL,'EFS8 (Encrypting File System)','Win32ShareProcess',3,4,26,'EFS8'),(201,'2021-04-24 10:25:27.932970',NULL,'EFS5 (Encrypting File System)','Win32ShareProcess',3,4,26,'EFS5'),(202,'2021-04-24 10:25:27.932970',NULL,'EFS6 (Encrypting File System)','Win32ShareProcess',3,4,26,'EFS6'),(203,'2021-04-24 10:25:27.932970',NULL,'EFS7 (Encrypting File System)','Win32ShareProcess',3,4,26,'EFS7'),(204,'2021-04-24 10:25:27.932970',NULL,'EFS8 (Encrypting File System)','Win32ShareProcess',3,4,26,'EFS8'),(205,'2021-04-24 10:26:16.565456',NULL,'EFS5 (Encrypting File System)','Win32ShareProcess',3,4,26,'EFS5'),(206,'2021-04-24 10:26:16.565456',NULL,'EFS6 (Encrypting File System)','Win32ShareProcess',3,4,26,'EFS6'),(207,'2021-04-24 10:26:16.565456',NULL,'EFS7 (Encrypting File System)','Win32ShareProcess',3,4,26,'EFS7'),(208,'2021-04-24 10:26:16.565456',NULL,'EFS8 (Encrypting File System)','Win32ShareProcess',3,4,26,'EFS8'),(209,'2021-04-24 10:28:07.724391',NULL,'EFS5 (Encrypting File System)','Win32ShareProcess',3,4,26,'EFS5'),(210,'2021-04-24 10:28:07.724391',NULL,'EFS6 (Encrypting File System)','Win32ShareProcess',3,4,26,'EFS6'),(211,'2021-04-24 10:28:07.724391',NULL,'EFS7 (Encrypting File System)','Win32ShareProcess',3,4,26,'EFS7'),(212,'2021-04-24 10:28:07.724391',NULL,'EFS8 (Encrypting File System)','Win32ShareProcess',3,4,26,'EFS8'),(213,'2021-04-24 10:31:20.681590',NULL,'EFS5 (Encrypting File System)','Win32ShareProcess',3,4,26,'EFS5'),(214,'2021-04-24 10:31:20.681590',NULL,'EFS6 (Encrypting File System)','Win32ShareProcess',3,4,26,'EFS6'),(215,'2021-04-24 10:31:20.681590',NULL,'EFS7 (Encrypting File System)','Win32ShareProcess',3,4,26,'EFS7'),(216,'2021-04-24 10:31:20.681590',NULL,'EFS8 (Encrypting File System)','Win32ShareProcess',3,4,26,'EFS8'),(217,'2021-04-24 10:31:42.841044',NULL,'EFS5 (Encrypting File System)','Win32ShareProcess',3,1,26,'EFS5'),(218,'2021-04-24 10:31:42.841044',NULL,'EFS6 (Encrypting File System)','Win32ShareProcess',3,4,26,'EFS6'),(219,'2021-04-24 10:31:42.841044',NULL,'EFS7 (Encrypting File System)','Win32ShareProcess',3,1,26,'EFS7'),(220,'2021-04-24 10:31:42.841044',NULL,'EFS8 (Encrypting File System)','Win32ShareProcess',3,4,26,'EFS8'),(221,'2021-04-24 10:32:31.777061',NULL,'EFS5 (Encrypting File System)','Win32ShareProcess',3,4,26,'EFS5'),(222,'2021-04-24 10:32:31.777061',NULL,'EFS6 (Encrypting File System)','Win32ShareProcess',3,1,26,'EFS6'),(223,'2021-04-24 10:32:31.777061',NULL,'EFS7 (Encrypting File System)','Win32ShareProcess',3,4,26,'EFS7'),(224,'2021-04-24 10:32:31.777061',NULL,'EFS8 (Encrypting File System)','Win32ShareProcess',3,1,26,'EFS8'),(225,'2021-04-24 10:44:57.846811',NULL,'EFS5 (Encrypting File System)','Win32ShareProcess',3,4,26,'EFS5'),(226,'2021-04-24 10:44:57.846811',NULL,'EFS6 (Encrypting File System)','Win32ShareProcess',3,1,26,'EFS6'),(227,'2021-04-24 10:44:57.846811',NULL,'EFS7 (Encrypting File System)','Win32ShareProcess',3,4,26,'EFS7'),(228,'2021-04-24 10:44:57.846811',NULL,'EFS8 (Encrypting File System)','Win32ShareProcess',3,1,26,'EFS8'),(229,'2021-04-24 10:46:02.139646',NULL,'EFS5 (Encrypting File System)','Win32ShareProcess',3,4,26,'EFS5'),(230,'2021-04-24 10:46:02.139646',NULL,'EFS6 (Encrypting File System)','Win32ShareProcess',3,1,26,'EFS6'),(231,'2021-04-24 10:46:02.139646',NULL,'EFS7 (Encrypting File System)','Win32ShareProcess',3,4,26,'EFS7'),(232,'2021-04-24 10:46:02.139646',NULL,'EFS8 (Encrypting File System)','Win32ShareProcess',3,4,26,'EFS8'),(233,'2021-04-26 09:50:24.302068',NULL,'EFS5 (Encrypting File System)','Win32ShareProcess',3,4,29,'EFS5'),(234,'2021-04-26 09:50:24.302068',NULL,'EFS6 (Encrypting File System)','Win32ShareProcess',3,1,29,'EFS6'),(235,'2021-04-26 09:50:24.302068',NULL,'EFS7 (Encrypting File System)','Win32ShareProcess',3,4,29,'EFS7'),(236,'2021-04-26 09:50:24.302068',NULL,'EFS8 (Encrypting File System)','Win32ShareProcess',3,4,29,'EFS8'),(237,'2021-04-26 09:53:16.702977',NULL,'EFS5 (Encrypting File System)','Win32ShareProcess',3,1,29,'EFS5'),(238,'2021-04-26 09:53:16.702977',NULL,'EFS6 (Encrypting File System)','Win32ShareProcess',3,4,29,'EFS6'),(239,'2021-04-26 09:53:16.702977',NULL,'EFS7 (Encrypting File System)','Win32ShareProcess',3,1,29,'EFS7'),(240,'2021-04-26 09:53:16.702977',NULL,'EFS8 (Encrypting File System)','Win32ShareProcess',3,2,29,'EFS8'),(241,'2021-04-26 09:56:04.601490',NULL,'EFS5 (Encrypting File System)','Win32ShareProcess',3,1,29,'EFS5'),(242,'2021-04-26 09:56:04.601490',NULL,'EFS6 (Encrypting File System)','Win32ShareProcess',3,4,29,'EFS6'),(243,'2021-04-26 09:56:04.601490',NULL,'EFS7 (Encrypting File System)','Win32ShareProcess',3,1,29,'EFS7'),(244,'2021-04-26 09:56:04.601490',NULL,'EFS8 (Encrypting File System)','Win32ShareProcess',3,3,29,'EFS8'),(245,'2021-04-27 14:13:08.816418',NULL,'EFS (Encrypting File System)','Win32ShareProcess',3,4,31,'EFS'),(246,'2021-04-27 14:13:08.816418',NULL,'EFS2 (Encrypting File System)','Win32ShareProcess',3,4,31,'EFS2'),(247,'2021-04-27 14:13:08.816418',NULL,'EFS3 (Encrypting File System)','Win32ShareProcess',3,4,31,'EFS3'),(248,'2021-04-27 14:13:08.816418',NULL,'EFS4 (Encrypting File System)','Win32ShareProcess',3,4,31,'EFS4'),(258,'2021-04-27 14:13:08.816418',NULL,'EFS8 (Encrypting File System)','Win32ShareProcess',3,4,31,'EFS8'),(259,'2021-04-27 14:13:05.524044',NULL,'EFS (Encrypting File System)','Win32ShareProcess',3,4,32,'EFS'),(260,'2021-04-27 14:13:05.524044',NULL,'EFS2 (Encrypting File System)','Win32ShareProcess',3,4,32,'EFS2'),(261,'2021-04-27 14:13:05.524044',NULL,'EFS3 (Encrypting File System)','Win32ShareProcess',3,4,32,'EFS3'),(262,'2021-04-27 14:13:05.524044',NULL,'EFS4 (Encrypting File System)','Win32ShareProcess',3,4,32,'EFS4'),(263,'2021-04-27 14:13:05.524044',NULL,'EFS8 (Encrypting File System)','Win32ShareProcess',3,4,32,'EFS8'),(264,'2021-04-27 14:12:39.932588',NULL,'EFS (Encrypting File System)','Win32ShareProcess',3,4,33,'EFS'),(265,'2021-04-27 14:12:39.932588',NULL,'EFS2 (Encrypting File System)','Win32ShareProcess',3,4,33,'EFS2'),(266,'2021-04-27 14:12:39.932588',NULL,'EFS3 (Encrypting File System)','Win32ShareProcess',3,4,33,'EFS3'),(267,'2021-04-27 14:12:39.932588',NULL,'EFS4 (Encrypting File System)','Win32ShareProcess',3,4,33,'EFS4'),(268,'2021-04-27 14:12:39.932588',NULL,'EFS8 (Encrypting File System)','Win32ShareProcess',3,4,33,'EFS8'),(269,'2021-04-27 13:58:06.284747',NULL,'EFS (Encrypting File System)','Win32ShareProcess',3,4,34,'EFS'),(270,'2021-04-27 13:58:06.284747',NULL,'EFS2 (Encrypting File System)','Win32ShareProcess',3,4,34,'EFS2'),(271,'2021-04-27 13:58:06.284747',NULL,'EFS3 (Encrypting File System)','Win32ShareProcess',3,4,34,'EFS3'),(272,'2021-04-27 13:58:06.284747',NULL,'EFS4 (Encrypting File System)','Win32ShareProcess',3,4,34,'EFS4'),(273,'2021-04-27 13:58:06.284747',NULL,'EFS8 (Encrypting File System)','Win32ShareProcess',3,4,34,'EFS8'),(274,'2021-04-27 14:25:14.725412',NULL,'EFS (Encrypting File System)','Win32ShareProcess',3,4,13,'EFS'),(275,'2021-04-27 14:25:14.725412',NULL,'EFS2 (Encrypting File System)','Win32ShareProcess',3,4,13,'EFS2'),(276,'2021-04-27 14:25:14.725412',NULL,'EFS3 (Encrypting File System)','Win32ShareProcess',3,4,13,'EFS3'),(277,'2021-04-27 14:25:14.725412',NULL,'EFS4 (Encrypting File System)','Win32ShareProcess',3,4,13,'EFS4'),(278,'2021-04-27 14:25:14.725412',NULL,'EFS8 (Encrypting File System)','Win32ShareProcess',3,4,13,'EFS8'),(279,'2021-04-29 10:33:10.701804',NULL,'EFS (Encrypting File System)','Win32ShareProcess',3,1,36,'EFS'),(280,'2021-04-29 10:33:10.701804',NULL,'EFS2 (Encrypting File System)','Win32ShareProcess',3,4,36,'EFS2'),(281,'2021-04-29 10:33:10.701804',NULL,'EFS3 (Encrypting File System)','Win32ShareProcess',3,1,36,'EFS3'),(282,'2021-04-29 10:33:10.701804',NULL,'EFS4 (Encrypting File System)','Win32ShareProcess',3,1,36,'EFS4'),(283,'2021-04-27 17:55:49.332170',NULL,'EFS8 (Encrypting File System)','Win32ShareProcess',3,4,36,'EFS8'),(284,'2021-04-27 16:48:11.746520',NULL,'EFS (Encrypting File System)','Win32ShareProcess',3,2,37,'EFS'),(285,'2021-04-27 16:48:11.746520',NULL,'EFS2 (Encrypting File System)','Win32ShareProcess',3,4,37,'EFS2'),(286,'2021-04-27 16:48:11.746520',NULL,'EFS3 (Encrypting File System)','Win32ShareProcess',3,2,37,'EFS3'),(287,'2021-04-27 16:48:11.746520',NULL,'EFS4 (Encrypting File System)','Win32ShareProcess',3,1,37,'EFS4'),(288,'2021-04-27 16:48:11.746520',NULL,'EFS8 (Encrypting File System)','Win32ShareProcess',3,4,37,'EFS8'),(289,'2021-04-29 14:25:53.538738',NULL,'EFS (Encrypting File System)','Win32ShareProcess',3,1,38,'EFS'),(290,'2021-04-29 14:25:53.538738',NULL,'EFS2 (Encrypting File System)','Win32ShareProcess',3,2,38,'EFS2'),(291,'2021-04-29 14:25:53.538738',NULL,'EFS3 (Encrypting File System)','Win32ShareProcess',3,1,38,'EFS3'),(292,'2021-04-29 14:25:53.538738',NULL,'EFS4 (Encrypting File System)','Win32ShareProcess',3,1,38,'EFS4'),(293,'2021-04-27 17:17:47.744977',NULL,'EFS8 (Encrypting File System)','Win32ShareProcess',3,4,38,'EFS8'),(294,'2021-04-29 10:33:10.701804',NULL,'EFS9 (Encrypting File System)','Win32ShareProcess',3,4,36,'EFS9'),(295,'2021-04-29 14:24:28.931360',NULL,'EFS9 (Encrypting File System)','Win32ShareProcess',3,4,38,'EFS9'),(296,'2021-04-29 14:25:53.538738',NULL,'TEST','Win32ShareProcess',3,1,38,'Servizio di test'),(297,'2021-04-29 14:51:33.018916',NULL,'EFS (Encrypting File System)','Win32ShareProcess',3,1,39,'!Error!'),(298,'2021-04-29 14:51:33.018916',NULL,'EFS2 (Encrypting File System)','Win32ShareProcess',3,2,39,'!Warning!'),(299,'2021-04-29 15:03:39.213300',NULL,'EFS (Encrypting File System)','Win32ShareProcess',3,1,39,'!Error of yesterday!'),(300,'2021-04-29 15:03:39.213300',NULL,'EFS2 (Encrypting File System)','Win32ShareProcess',3,2,39,'!Warning of yesterday!'),(301,'2021-04-29 15:14:58.961687',NULL,'EFS (Encrypting File System)','Win32ShareProcess',3,1,39,'!Error 2!'),(302,'2021-04-29 15:14:58.961687',NULL,'EFS2 (Encrypting File System)','Win32ShareProcess',3,2,39,'!Warning of yesterday 2!'),(303,'2021-04-29 15:34:51.985484',NULL,'EFS (Encrypting File System)','Win32ShareProcess',3,1,40,'!Error 2!'),(304,'2021-04-29 15:34:51.985484',NULL,'EFS2 (Encrypting File System)','Win32ShareProcess',3,2,40,'!Warning of yesterday 2!'),(305,'2021-04-29 20:26:58.743673',NULL,'EFS (Encrypting File System)','Win32ShareProcess',3,1,40,'EFS'),(306,'2021-04-29 20:26:58.743673',NULL,'EFS2 (Encrypting File System)','Win32ShareProcess',3,2,40,'EFS2'),(307,'2021-04-29 20:26:58.743673',NULL,'EFS1 (Encrypting File System)','Win32ShareProcess',3,1,40,'EFS1'),(308,'2021-04-29 20:26:58.743673',NULL,'EFSA (Encrypting File System)','Win32ShareProcess',3,2,40,'EFSA');
/*!40000 ALTER TABLE `conf_windows_services` ENABLE KEYS */;
UNLOCK TABLES;

--
-- Table structure for table `conf_windows_services_storico`
--

DROP TABLE IF EXISTS `conf_windows_services_storico`;
/*!40101 SET @saved_cs_client     = @@character_set_client */;
/*!50503 SET character_set_client = utf8mb4 */;
CREATE TABLE `conf_windows_services_storico` (
  `id` int NOT NULL AUTO_INCREMENT,
  `date_and_time` datetime(6) DEFAULT NULL,
  `description` varchar(255) DEFAULT NULL,
  `display_name` varchar(255) DEFAULT NULL,
  `service_type` varchar(255) NOT NULL,
  `start_type` int NOT NULL,
  `stato` int NOT NULL,
  `id_client` int DEFAULT NULL,
  `nome_servizio` varchar(255) DEFAULT NULL,
  PRIMARY KEY (`id`)
) ENGINE=InnoDB AUTO_INCREMENT=82 DEFAULT CHARSET=utf8mb4 COLLATE=utf8mb4_0900_ai_ci;
/*!40101 SET character_set_client = @saved_cs_client */;

--
-- Dumping data for table `conf_windows_services_storico`
--

LOCK TABLES `conf_windows_services_storico` WRITE;
/*!40000 ALTER TABLE `conf_windows_services_storico` DISABLE KEYS */;
INSERT INTO `conf_windows_services_storico` VALUES (17,'2021-04-29 10:33:10.701804',NULL,'EFS (Encrypting File System)','Win32ShareProcess',3,1,36,'EFS'),(18,'2021-04-29 10:33:10.701804',NULL,'EFS2 (Encrypting File System)','Win32ShareProcess',3,4,36,'EFS2'),(19,'2021-04-29 10:33:10.701804',NULL,'EFS3 (Encrypting File System)','Win32ShareProcess',3,1,36,'EFS3'),(20,'2021-04-29 10:33:10.701804',NULL,'EFS4 (Encrypting File System)','Win32ShareProcess',3,1,36,'EFS4'),(21,'2021-04-29 10:33:10.701804',NULL,'EFS9 (Encrypting File System)','Win32ShareProcess',3,4,36,'EFS9'),(22,'2021-04-29 11:27:27.454471',NULL,'EFS (Encrypting File System)','Win32ShareProcess',3,1,38,'EFS'),(23,'2021-04-29 11:27:27.454471',NULL,'EFS2 (Encrypting File System)','Win32ShareProcess',3,4,38,'EFS2'),(24,'2021-04-29 11:27:27.454471',NULL,'EFS3 (Encrypting File System)','Win32ShareProcess',3,1,38,'EFS3'),(25,'2021-04-29 11:27:27.454471',NULL,'EFS4 (Encrypting File System)','Win32ShareProcess',3,1,38,'EFS4'),(26,'2021-04-29 11:27:27.454471',NULL,'EFS9 (Encrypting File System)','Win32ShareProcess',3,4,38,'EFS9'),(27,'2021-04-29 11:31:18.925355',NULL,'EFS (Encrypting File System)','Win32ShareProcess',3,1,38,'EFS'),(28,'2021-04-29 11:31:18.925355',NULL,'EFS2 (Encrypting File System)','Win32ShareProcess',3,2,38,'EFS2'),(29,'2021-04-29 11:31:18.925355',NULL,'EFS3 (Encrypting File System)','Win32ShareProcess',3,1,38,'EFS3'),(30,'2021-04-29 11:31:18.925355',NULL,'EFS4 (Encrypting File System)','Win32ShareProcess',3,1,38,'EFS4'),(31,'2021-04-29 11:31:18.925355',NULL,'EFS9 (Encrypting File System)','Win32ShareProcess',3,4,38,'EFS9'),(32,'2021-04-28 10:33:10.701804','TEST','TEST','Win32ShareProcess',1,1,38,'Servizio di test'),(33,'2021-04-28 10:33:10.701804','TEST','TEST','Win32ShareProcess',1,2,38,'Servizio di test'),(34,'2021-04-28 10:33:10.701804','TEST','TEST','Win32ShareProcess',1,4,38,'Servizio di test'),(35,'2021-04-28 10:33:10.701804','TEST','TEST','Win32ShareProcess',1,4,38,'Servizio di test'),(36,'2021-04-27 10:33:10.701804','TEST','TEST','Win32ShareProcess',1,1,38,'Servizio di test'),(37,'2021-04-27 10:33:10.701804','TEST','TEST','Win32ShareProcess',1,2,38,'Servizio di test'),(38,'2021-04-27 10:33:10.701804','TEST','TEST','Win32ShareProcess',1,3,38,'Servizio di test'),(39,'2021-04-29 14:24:28.931360',NULL,'EFS (Encrypting File System)','Win32ShareProcess',3,1,38,'EFS'),(40,'2021-04-29 14:24:28.931360',NULL,'EFS2 (Encrypting File System)','Win32ShareProcess',3,2,38,'EFS2'),(41,'2021-04-29 14:24:28.931360',NULL,'EFS3 (Encrypting File System)','Win32ShareProcess',3,1,38,'EFS3'),(42,'2021-04-29 14:24:28.931360',NULL,'EFS4 (Encrypting File System)','Win32ShareProcess',3,1,38,'EFS4'),(43,'2021-04-29 14:24:28.931360',NULL,'EFS9 (Encrypting File System)','Win32ShareProcess',3,4,38,'EFS9'),(44,'2021-04-29 14:25:53.538738',NULL,'EFS (Encrypting File System)','Win32ShareProcess',3,1,38,'EFS'),(45,'2021-04-29 14:25:53.538738',NULL,'EFS2 (Encrypting File System)','Win32ShareProcess',3,2,38,'EFS2'),(46,'2021-04-29 14:25:53.538738',NULL,'EFS3 (Encrypting File System)','Win32ShareProcess',3,1,38,'EFS3'),(47,'2021-04-29 14:25:53.538738',NULL,'EFS4 (Encrypting File System)','Win32ShareProcess',3,1,38,'EFS4'),(48,'2021-04-29 14:25:53.538738',NULL,'TEST','Win32ShareProcess',3,1,38,'Servizio di test'),(49,'2021-04-29 14:51:33.018916',NULL,'EFS (Encrypting File System)','Win32ShareProcess',3,1,39,'!Error!'),(50,'2021-04-29 14:51:33.018916',NULL,'EFS2 (Encrypting File System)','Win32ShareProcess',3,2,39,'!Warning!'),(51,'2021-04-29 14:57:10.085852',NULL,'EFS (Encrypting File System)','Win32ShareProcess',3,1,39,'!Error of yesterday!'),(52,'2021-04-29 14:57:10.085852',NULL,'EFS2 (Encrypting File System)','Win32ShareProcess',3,2,39,'!Warning of yesterday!'),(53,'2021-04-28 14:57:10.085852',NULL,'EFS (Encrypting File System)','Win32ShareProcess',3,1,39,'!Error of yesterday!'),(54,'2021-04-28 14:57:10.085852',NULL,'EFS2 (Encrypting File System)','Win32ShareProcess',3,2,39,'!Warning of yesterday!'),(55,'2021-04-29 15:03:39.213300',NULL,'EFS (Encrypting File System)','Win32ShareProcess',3,1,39,'!Error of yesterday!'),(56,'2021-04-29 15:03:39.213300',NULL,'EFS2 (Encrypting File System)','Win32ShareProcess',3,2,39,'!Warning of yesterday!'),(57,'2021-04-29 15:13:17.654561',NULL,'EFS (Encrypting File System)','Win32ShareProcess',3,1,39,'!Error 2!'),(58,'2021-04-29 15:13:17.654561',NULL,'EFS2 (Encrypting File System)','Win32ShareProcess',3,2,39,'!Warning of yesterday 2!'),(59,'2021-04-29 15:14:58.961687',NULL,'EFS (Encrypting File System)','Win32ShareProcess',3,1,39,'!Error 2!'),(60,'2021-04-29 15:14:58.961687',NULL,'EFS2 (Encrypting File System)','Win32ShareProcess',3,2,39,'!Warning of yesterday 2!'),(61,'2021-04-29 15:16:04.811171',NULL,'EFS (Encrypting File System)','Win32ShareProcess',3,1,40,'!Error 2!'),(62,'2021-04-29 15:16:04.811171',NULL,'EFS2 (Encrypting File System)','Win32ShareProcess',3,2,40,'!Warning of yesterday 2!'),(63,'2021-04-29 15:16:12.154243',NULL,'EFS (Encrypting File System)','Win32ShareProcess',3,1,40,'!Error 2!'),(64,'2021-04-29 15:16:12.154243',NULL,'EFS2 (Encrypting File System)','Win32ShareProcess',3,2,40,'!Warning of yesterday 2!'),(65,'2021-04-28 15:16:12.154243',NULL,'EFS (Encrypting File System)','Win32ShareProcess',3,1,40,'!Error 2!'),(66,'2021-04-29 15:26:01.781080',NULL,'EFS (Encrypting File System)','Win32ShareProcess',3,1,40,'!Error 2!'),(67,'2021-04-29 15:26:01.781080',NULL,'EFS2 (Encrypting File System)','Win32ShareProcess',3,2,40,'!Warning of yesterday 2!'),(68,'2021-04-29 15:26:24.787664',NULL,'EFS (Encrypting File System)','Win32ShareProcess',3,1,40,'!Error 2!'),(69,'2021-04-29 15:26:24.787664',NULL,'EFS2 (Encrypting File System)','Win32ShareProcess',3,2,40,'!Warning of yesterday 2!'),(70,'2021-04-29 15:28:00.981327',NULL,'EFS (Encrypting File System)','Win32ShareProcess',3,1,40,'!Error 2!'),(71,'2021-04-29 15:28:00.981327',NULL,'EFS2 (Encrypting File System)','Win32ShareProcess',3,2,40,'!Warning of yesterday 2!'),(72,'2021-04-29 15:34:18.188164',NULL,'EFS (Encrypting File System)','Win32ShareProcess',3,1,40,'!Error 2!'),(73,'2021-04-29 15:34:18.188164',NULL,'EFS2 (Encrypting File System)','Win32ShareProcess',3,2,40,'!Warning of yesterday 2!'),(74,'2021-04-29 15:34:35.788572',NULL,'EFS (Encrypting File System)','Win32ShareProcess',3,1,40,'!Error 2!'),(75,'2021-04-29 15:34:35.788572',NULL,'EFS2 (Encrypting File System)','Win32ShareProcess',3,2,40,'!Warning of yesterday 2!'),(76,'2021-04-29 15:34:51.985484',NULL,'EFS (Encrypting File System)','Win32ShareProcess',3,1,40,'!Error 2!'),(77,'2021-04-29 15:34:51.985484',NULL,'EFS2 (Encrypting File System)','Win32ShareProcess',3,2,40,'!Warning of yesterday 2!'),(78,'2021-04-29 20:26:58.743673',NULL,'EFS (Encrypting File System)','Win32ShareProcess',3,1,40,'EFS'),(79,'2021-04-29 20:26:58.743673',NULL,'EFS2 (Encrypting File System)','Win32ShareProcess',3,2,40,'EFS2'),(80,'2021-04-29 20:26:58.743673',NULL,'EFS1 (Encrypting File System)','Win32ShareProcess',3,1,40,'EFS1'),(81,'2021-04-29 20:26:58.743673',NULL,'EFSA (Encrypting File System)','Win32ShareProcess',3,2,40,'EFSA');
/*!40000 ALTER TABLE `conf_windows_services_storico` ENABLE KEYS */;
UNLOCK TABLES;

--
-- Table structure for table `config`
--

DROP TABLE IF EXISTS `config`;
/*!40101 SET @saved_cs_client     = @@character_set_client */;
/*!50503 SET character_set_client = utf8mb4 */;
CREATE TABLE `config` (
  `id` int NOT NULL AUTO_INCREMENT,
  `tempo` int NOT NULL,
  `id_client` int DEFAULT NULL,
  `id_operazione` int DEFAULT NULL,
  PRIMARY KEY (`id`),
  KEY `FK8j4kjhx1h1yvrbt9b6jtpb3v0` (`id_client`),
  KEY `FKqgiq5kj4lb986182etqdvfx4w` (`id_operazione`),
  CONSTRAINT `FK8j4kjhx1h1yvrbt9b6jtpb3v0` FOREIGN KEY (`id_client`) REFERENCES `elenco_clients` (`id`),
  CONSTRAINT `FKqgiq5kj4lb986182etqdvfx4w` FOREIGN KEY (`id_operazione`) REFERENCES `elenco_operazioni` (`id`)
) ENGINE=InnoDB DEFAULT CHARSET=utf8;
/*!40101 SET character_set_client = @saved_cs_client */;

--
-- Dumping data for table `config`
--

LOCK TABLES `config` WRITE;
/*!40000 ALTER TABLE `config` DISABLE KEYS */;
/*!40000 ALTER TABLE `config` ENABLE KEYS */;
UNLOCK TABLES;

--
-- Table structure for table `elenco_clients`
--

DROP TABLE IF EXISTS `elenco_clients`;
/*!40101 SET @saved_cs_client     = @@character_set_client */;
/*!50503 SET character_set_client = utf8mb4 */;
CREATE TABLE `elenco_clients` (
  `id` int NOT NULL AUTO_INCREMENT,
  `mac_address` varchar(255) DEFAULT NULL,
  `nome` varchar(255) DEFAULT NULL,
  `sede` int DEFAULT NULL,
  `id_company` int DEFAULT NULL,
  `tipologia_client` int DEFAULT NULL,
  `descrizione` varchar(255) DEFAULT NULL,
  `licenza_in_uso` int DEFAULT NULL,
  PRIMARY KEY (`id`),
  UNIQUE KEY `nome` (`nome`,`mac_address`),
  KEY `FKqsy0knx8e74cg6ffk7ia8iqae` (`id_company`),
  KEY `FKqnlbboj7jikkkat67dy4cw0dk` (`tipologia_client`),
  KEY `fk_sedi_idx` (`sede`),
  CONSTRAINT `fk_sedi` FOREIGN KEY (`sede`) REFERENCES `sedi` (`id`),
  CONSTRAINT `FKqnlbboj7jikkkat67dy4cw0dk` FOREIGN KEY (`tipologia_client`) REFERENCES `tipologia_client` (`id`),
  CONSTRAINT `FKqsy0knx8e74cg6ffk7ia8iqae` FOREIGN KEY (`id_company`) REFERENCES `elenco_companies` (`id`)
) ENGINE=InnoDB AUTO_INCREMENT=41 DEFAULT CHARSET=utf8;
/*!40101 SET character_set_client = @saved_cs_client */;

--
-- Dumping data for table `elenco_clients`
--

LOCK TABLES `elenco_clients` WRITE;
/*!40000 ALTER TABLE `elenco_clients` DISABLE KEYS */;
INSERT INTO `elenco_clients` VALUES (1,'00:1B:44:11:3A:B7','DESKTOP-3874',4,1,1,'DESKTOP-3874',NULL),(2,'00:1B:94:51:4N:B0','DESKTOP-2049',3,1,1,'DESKTOP-2049',NULL),(3,'00:09:20:39:4M:J0','SERVER-2209',3,1,2,'SERVER-2209',NULL),(4,'00:1B:44:11:3A:B1','DESKTOP-000',2,1,1,'DESKTOP-000',NULL),(5,'00:1C:33:11:1P:B1','DESKTOP-002',2,1,1,'DESKTOP-002',NULL),(6,'00:1C:33:11:1P:A9','DESKTOP-003',2,1,1,'DESKTOP-003',NULL),(7,'00:1C:44:11:1P:S1','DESKTOP-004',2,1,1,'DESKTOP-004',NULL),(8,'00:4P:44:11:1P:S1','DESKTOP-005',2,1,2,'DESKTOP-005',NULL),(9,'00:4P:44:31:AA:S1','DESKTOP-006',2,1,2,'DESKTOP-006',NULL),(10,'00:4P:44:31:BB:S1','DESKTOP-007',2,1,2,'DESKTOP-007',NULL),(11,'00:4P:44:31:CC:S1','DESKTOP-008',2,1,1,'DESKTOP-008',NULL),(13,'00:4P:44:31:SC:S1','DESKTOP-009',5,1,1,'DESKTOP-009',NULL),(14,'00:4P:24:31:SC:S1','DESKTOP-009',4,2,1,'DESKTOP-009',NULL),(15,'00:4P:24:31:SA:S1','DESKTOP-111',0,3,1,'DESKTOP-111',NULL),(16,'00:4P:24:31:QA:S1','DESKTOP-111',19,4,1,'DESKTOP-111',NULL),(17,'00:4P:11:31:QA:S1','DESKTOP-222',17,4,1,'DESKTOP-222',NULL),(18,'00:SO:11:31:QA:S1','DESKTOP-333',17,4,2,'DESKTOP-333',NULL),(19,'00:SO:11:31:SA:S1','DESKTOP-343',19,4,2,'DESKTOP-343',NULL),(20,'00:4P:24:31:ZP:S1','DESKTOP-123',NULL,6,1,'DESKTOP-123',NULL),(21,'00:0Q:24:31:ZP:S1','DESKTOP-666',NULL,7,1,'DESKTOP-666',NULL),(22,'00:0Q:24:17:ZP:Q1','DESKTOP-777',NULL,4,1,'DESKTOP-777',NULL),(23,'11:2P:24:17:ZP:Q1','DESKTOP-888',19,4,1,'DESKTOP-888',NULL),(24,'11:2P:24:17:MM:Q1','DESKTOP-999',15,4,1,'DESKTOP-999',NULL),(25,'22:3K:24:17:MM:Q1','SERVER-999',42,6,2,'SERVER-999',NULL),(26,'22:3K:24:17:ZP:Q1','SERVER-999',45,9,2,'SERVER-999',NULL),(27,'22:3K:94:17:ZP:Q1','SERVER-999',47,10,2,'SERVER-999',NULL),(28,'22:3K:94:X9:ZP:Q1','SERVER-321',48,11,2,'SERVER-321',NULL),(29,'33:3S:94:X9:ZP:Q1','CLIENT-321',50,11,1,'CLIENT-321',NULL),(30,'33:3S:5A:X9:ZP:Q1','CLIENT-121',39,4,1,'CLIENT-121',NULL),(31,'33:3S:5A:ZP:ZP:Q1','CLIENT-111',52,12,1,'CLIENT-111',NULL),(32,'33:3S:5A:PP:ZP:Q1','CLIENT-112',52,12,1,'CLIENT-112',NULL),(33,'44:3S:5A:PP:ZP:Q1','CLIENT-113',52,12,1,'CLIENT-113',NULL),(34,'44:3S:5A:ER:ZP:Q1','CLIENT-114',52,12,1,'CLIENT-114',NULL),(35,'44:3S:5A:ZD:ZP:Q1','CLIENT-000',52,12,1,'CLIENT-000',NULL),(36,'44:3S:AA:ZD:ZP:Q1','CLIENT-000',57,13,1,'CLIENT-000',NULL),(37,'44:3S:AA:ZD:QM:Q1','CLIENT-567',59,13,1,'CLIENT-567',NULL),(38,'00:3S:AA:ZD:QM:Q1','CLIENT-919',59,13,2,'CLIENT-919',NULL),(39,'00:3S:AA:ZD:AS:Q1','CLIENT-900',54,13,2,'CLIENT-900',NULL),(40,'00:3S:WE:ZD:AS:Q1','CLIENT-990',54,13,2,'CLIENT-990',NULL);
/*!40000 ALTER TABLE `elenco_clients` ENABLE KEYS */;
UNLOCK TABLES;

--
-- Table structure for table `elenco_clients_elenco_licenze`
--

DROP TABLE IF EXISTS `elenco_clients_elenco_licenze`;
/*!40101 SET @saved_cs_client     = @@character_set_client */;
/*!50503 SET character_set_client = utf8mb4 */;
CREATE TABLE `elenco_clients_elenco_licenze` (
  `licenza_in_uso` int NOT NULL,
  `id` int NOT NULL,
  `id_client` int NOT NULL,
  `id_licenza` int NOT NULL,
  KEY `FKeirmks1ey8igkqvsptltrgia2` (`id`),
  KEY `FKat02ecko02jonr3e6pkqxbx2x` (`licenza_in_uso`),
  CONSTRAINT `FKat02ecko02jonr3e6pkqxbx2x` FOREIGN KEY (`licenza_in_uso`) REFERENCES `elenco_clients` (`id`),
  CONSTRAINT `FKeirmks1ey8igkqvsptltrgia2` FOREIGN KEY (`id`) REFERENCES `elenco_licenze` (`id`)
) ENGINE=InnoDB DEFAULT CHARSET=utf8mb4 COLLATE=utf8mb4_0900_ai_ci;
/*!40101 SET character_set_client = @saved_cs_client */;

--
-- Dumping data for table `elenco_clients_elenco_licenze`
--

LOCK TABLES `elenco_clients_elenco_licenze` WRITE;
/*!40000 ALTER TABLE `elenco_clients_elenco_licenze` DISABLE KEYS */;
INSERT INTO `elenco_clients_elenco_licenze` VALUES (1,1,0,0),(4,1,0,0),(5,1,0,0),(6,1,0,0),(7,1,0,0),(8,1,0,0),(9,1,0,0),(10,1,0,0),(11,1,0,0),(13,1,0,0),(14,2,0,0),(15,3,0,0),(16,4,0,0),(17,4,0,0),(18,4,0,0),(19,4,0,0),(20,6,0,0),(21,7,0,0),(22,4,0,0),(23,4,0,0),(24,4,0,0),(25,6,0,0),(26,9,0,0),(27,10,0,0),(28,19,0,0),(29,19,0,0),(30,4,0,0),(31,24,0,0),(32,24,0,0),(33,24,0,0),(34,24,0,0),(35,24,0,0),(36,25,0,0),(37,25,0,0),(38,25,0,0),(39,25,0,0),(40,25,0,0),(40,26,0,0),(40,26,0,0);
/*!40000 ALTER TABLE `elenco_clients_elenco_licenze` ENABLE KEYS */;
UNLOCK TABLES;

--
-- Table structure for table `elenco_companies`
--

DROP TABLE IF EXISTS `elenco_companies`;
/*!40101 SET @saved_cs_client     = @@character_set_client */;
/*!50503 SET character_set_client = utf8mb4 */;
CREATE TABLE `elenco_companies` (
  `id` int NOT NULL AUTO_INCREMENT,
  `email` varchar(255) DEFAULT NULL,
  `email_alert` varchar(255) DEFAULT NULL,
  `password` varchar(255) DEFAULT NULL,
  `ragione_sociale` varchar(255) DEFAULT NULL,
  `chiave_di_registrazione` varchar(255) DEFAULT NULL,
  PRIMARY KEY (`id`)
) ENGINE=InnoDB AUTO_INCREMENT=14 DEFAULT CHARSET=utf8;
/*!40101 SET character_set_client = @saved_cs_client */;

--
-- Dumping data for table `elenco_companies`
--

LOCK TABLES `elenco_companies` WRITE;
/*!40000 ALTER TABLE `elenco_companies` DISABLE KEYS */;
INSERT INTO `elenco_companies` VALUES (1,'email@itcubeconsulting.it','alert@itcubeconsulting.it','5f4dcc3b5aa765d61d8327deb882cf99','ITCUBE','AAA2-KMZL-6ZK6-SP5C'),(2,'aa@itcubeconsulting.it','alert@itcubeconsulting.it','5f4dcc3b5aa765d61d8327deb882cf99','ITCubalibre Consulting','BBB2-KMZL-6ZK6-PO9A'),(3,'jack@itcubeconsulting.it','alert@itcubeconsulting.it','5f4dcc3b5aa765d61d8327deb882cf99','ITCube prova','ULD2-KMZL-6ZK6-HR1L'),(4,'giacomo@mail.it','giacomo@alert.it','5f4dcc3b5aa765d61d8327deb882cf99','ITGiacomo2','QK61-5F5J-V2TJ-V4C5'),(5,'giacomo2@mail.it','giacomo@alert.it','5f4dcc3b5aa765d61d8327deb882cf99','ITGiacomo','A36K-DRP4-2LZN-QVC5'),(6,'jack@mail.it','giacomo@alert.it','5f4dcc3b5aa765d61d8327deb882cf99','ITJack','SH4H-K7K5-Q84E-U1P5'),(7,'jack2@mail.it','giacomo@alert.it','5f4dcc3b5aa765d61d8327deb882cf99','ITJack2','5LHF-Z75L-6SGL-RMJL'),(8,'company@mail.it','company@alert.it','5f4dcc3b5aa765d61d8327deb882cf99','Company1','MRFZ-J6UN-2QET-H8V6'),(9,'company2@mail.it','company2@alert.it','5f4dcc3b5aa765d61d8327deb882cf99','Company22','FM8K-TBL5-2V9R-3SCL'),(10,'aa2@itcubeconsulting.it','giacomo324@alert.it','5f4dcc3b5aa765d61d8327deb882cf99','AAA','L3P6-N6E5-BBPS-CEUK'),(11,'company3@mail.it','giacomo.comunicazioni@alert.it','5f4dcc3b5aa765d61d8327deb882cf99','Company3','E974-DG6K-A7VJ-QGU5'),(12,'prova@mail.it','giacomo@alert.it','5f4dcc3b5aa765d61d8327deb882cf99','ITProva','JVBJ-B59K-TK7P-NBK5'),(13,'testOverview@mail.it','company@alert.it','5f4dcc3b5aa765d61d8327deb882cf99','ITGiacomoOverview','9RQJ-3NVP-HM1Z-1MJM');
/*!40000 ALTER TABLE `elenco_companies` ENABLE KEYS */;
UNLOCK TABLES;

--
-- Table structure for table `elenco_licenze`
--

DROP TABLE IF EXISTS `elenco_licenze`;
/*!40101 SET @saved_cs_client     = @@character_set_client */;
/*!50503 SET character_set_client = utf8mb4 */;
CREATE TABLE `elenco_licenze` (
  `id` int NOT NULL AUTO_INCREMENT,
  `codice` varchar(255) DEFAULT NULL,
  `scadenza` datetime(6) DEFAULT NULL,
  `acquistato_da` int DEFAULT NULL,
  `id_tipo` int DEFAULT NULL,
  PRIMARY KEY (`id`),
  KEY `FK3krlis5duo9x7953t77ncn8h1` (`acquistato_da`),
  KEY `FKsjuw7sojqvfxwha7chpnva5vm` (`id_tipo`),
  CONSTRAINT `FK3krlis5duo9x7953t77ncn8h1` FOREIGN KEY (`acquistato_da`) REFERENCES `elenco_companies` (`id`),
  CONSTRAINT `FKsjuw7sojqvfxwha7chpnva5vm` FOREIGN KEY (`id_tipo`) REFERENCES `tipologie_licenze` (`id`)
) ENGINE=InnoDB AUTO_INCREMENT=27 DEFAULT CHARSET=utf8;
/*!40101 SET character_set_client = @saved_cs_client */;

--
-- Dumping data for table `elenco_licenze`
--

LOCK TABLES `elenco_licenze` WRITE;
/*!40000 ALTER TABLE `elenco_licenze` DISABLE KEYS */;
INSERT INTO `elenco_licenze` VALUES (1,'T896-ZJ7Q-E5KP-NKQN','2021-04-09 19:02:39.000000',1,1),(2,'H22R-GZP5-TN2M-NMA5','2021-04-13 10:19:26.764000',2,1),(3,'ULD2-KMZL-6ZK6-HR1L','2021-04-14 10:36:16.653000',3,1),(4,'9C32-F6EH-M3AS-BB8H','2021-10-19 09:32:32.932000',4,1),(5,'9VLG-PVL7-LL9P-TC6N','2021-10-20 12:32:54.440000',5,1),(6,'L3CU-EKQK-6BD7-ZSN5','2021-10-21 11:20:48.596000',6,1),(7,'UZ3Z-A6H6-QV47-5DFM','2021-10-21 11:40:40.117000',7,1),(8,'QU5Q-ZNSR-T9S7-LL6Q','2021-10-23 09:19:00.911000',8,1),(9,'BGUV-12CH-77LL-43RK','2021-10-23 09:27:28.684000',9,1),(10,'K2T4-7U6M-EBJM-2SEK','2021-10-23 12:00:56.532000',10,1),(11,'96VK-UH2N-ZRJ6-LT8P','2021-10-23 12:16:55.070000',10,2),(12,'MD2V-LE34-BCTB-KS64','2021-10-23 12:26:56.018000',10,3),(13,'KGQA-RZ8M-BTNL-LQ1L','2021-10-23 12:53:19.897000',10,5),(14,'ZJ9T-L9K7-4TSZ-6EAN','2021-10-23 12:53:23.233000',10,5),(15,'9NK4-3LG5-9984-Z12L','2021-10-23 12:53:29.063000',10,5),(16,'7ZZU-P5T8-D9PL-BN7P','2021-10-23 12:55:41.159000',10,4),(17,'6ZZU-D74P-SDD3-4DTL','2021-10-23 13:00:04.578000',10,1),(18,'R4A1-HAM3-BZEE-U5P4','2021-10-23 13:03:52.823000',10,5),(19,'PG2R-VU2M-KUQL-DKCL','2021-10-26 09:16:17.381000',11,1),(20,'B75Q-BUEJ-SDKB-2544','2021-10-26 09:18:13.545000',11,2),(21,'2VMA-PPCJ-GT4A-U9TL','2021-10-26 09:18:22.458000',11,3),(22,'4TN3-RF6L-DAZD-R8RL','2021-10-26 09:18:26.961000',11,4),(23,'N1BF-E984-LZ8P-783L','2021-10-26 09:18:32.830000',11,5),(24,'AUQT-QUVQ-8689-MZSQ','2021-10-26 19:27:03.820000',12,1),(25,'D2RL-2B94-GRKG-U27J','2021-10-27 14:22:37.602000',13,1),(26,'PGGR-J5DJ-MSBF-VPN5','2021-10-30 09:46:27.124000',13,2);
/*!40000 ALTER TABLE `elenco_licenze` ENABLE KEYS */;
UNLOCK TABLES;

--
-- Table structure for table `elenco_operazioni`
--

DROP TABLE IF EXISTS `elenco_operazioni`;
/*!40101 SET @saved_cs_client     = @@character_set_client */;
/*!50503 SET character_set_client = utf8mb4 */;
CREATE TABLE `elenco_operazioni` (
  `id` int NOT NULL AUTO_INCREMENT,
  `nome` varchar(255) DEFAULT NULL,
  `stato` bit(1) NOT NULL,
  `tabella_riferimento` varchar(255) DEFAULT NULL,
  PRIMARY KEY (`id`)
) ENGINE=InnoDB DEFAULT CHARSET=utf8;
/*!40101 SET character_set_client = @saved_cs_client */;

--
-- Dumping data for table `elenco_operazioni`
--

LOCK TABLES `elenco_operazioni` WRITE;
/*!40000 ALTER TABLE `elenco_operazioni` DISABLE KEYS */;
/*!40000 ALTER TABLE `elenco_operazioni` ENABLE KEYS */;
UNLOCK TABLES;

--
-- Table structure for table `elenco_operazioni_tipologie_licenze`
--

DROP TABLE IF EXISTS `elenco_operazioni_tipologie_licenze`;
/*!40101 SET @saved_cs_client     = @@character_set_client */;
/*!50503 SET character_set_client = utf8mb4 */;
CREATE TABLE `elenco_operazioni_tipologie_licenze` (
  `licenza_riferimento` int NOT NULL,
  `classe` int NOT NULL,
  KEY `FKlmdm9vojwtqko36rp5jxvp7mu` (`classe`),
  KEY `FKmfp6ymqxcmbwyqgu7xoo9v0ef` (`licenza_riferimento`),
  CONSTRAINT `FKlmdm9vojwtqko36rp5jxvp7mu` FOREIGN KEY (`classe`) REFERENCES `elenco_operazioni` (`id`),
  CONSTRAINT `FKmfp6ymqxcmbwyqgu7xoo9v0ef` FOREIGN KEY (`licenza_riferimento`) REFERENCES `tipologie_licenze` (`id`)
) ENGINE=InnoDB DEFAULT CHARSET=utf8;
/*!40101 SET character_set_client = @saved_cs_client */;

--
-- Dumping data for table `elenco_operazioni_tipologie_licenze`
--

LOCK TABLES `elenco_operazioni_tipologie_licenze` WRITE;
/*!40000 ALTER TABLE `elenco_operazioni_tipologie_licenze` DISABLE KEYS */;
/*!40000 ALTER TABLE `elenco_operazioni_tipologie_licenze` ENABLE KEYS */;
UNLOCK TABLES;

--
-- Table structure for table `macro_categorie_eventi`
--

DROP TABLE IF EXISTS `macro_categorie_eventi`;
/*!40101 SET @saved_cs_client     = @@character_set_client */;
/*!50503 SET character_set_client = utf8mb4 */;
CREATE TABLE `macro_categorie_eventi` (
  `id` int NOT NULL AUTO_INCREMENT,
  `nome_categoria` varchar(255) DEFAULT NULL,
  `classe` int NOT NULL,
  PRIMARY KEY (`id`)
) ENGINE=InnoDB DEFAULT CHARSET=utf8;
/*!40101 SET character_set_client = @saved_cs_client */;

--
-- Dumping data for table `macro_categorie_eventi`
--

LOCK TABLES `macro_categorie_eventi` WRITE;
/*!40000 ALTER TABLE `macro_categorie_eventi` DISABLE KEYS */;
/*!40000 ALTER TABLE `macro_categorie_eventi` ENABLE KEYS */;
UNLOCK TABLES;

--
-- Table structure for table `monitoraggio`
--

DROP TABLE IF EXISTS `monitoraggio`;
/*!40101 SET @saved_cs_client     = @@character_set_client */;
/*!50503 SET character_set_client = utf8mb4 */;
CREATE TABLE `monitoraggio` (
  `id` int NOT NULL AUTO_INCREMENT,
  `monitora` bit(1) NOT NULL,
  `nome_servizio` varchar(255) DEFAULT NULL,
  `id_client` int DEFAULT NULL,
  PRIMARY KEY (`id`)
) ENGINE=InnoDB AUTO_INCREMENT=92 DEFAULT CHARSET=utf8;
/*!40101 SET character_set_client = @saved_cs_client */;

--
-- Dumping data for table `monitoraggio`
--

LOCK TABLES `monitoraggio` WRITE;
/*!40000 ALTER TABLE `monitoraggio` DISABLE KEYS */;
INSERT INTO `monitoraggio` VALUES (2,_binary '','ActiveX Installer (AxInstSV)3',1),(3,_binary '','Adobe Genuine Software Integrity Service3',1),(4,_binary '','AdobeUpdateService3',1),(5,_binary '','ActiveX Installer (AxInstSV)',14),(6,_binary '','Adobe Genuine Software Integrity Service',14),(7,_binary '','AdobeUpdateService',14),(8,_binary '','ActiveX Installer (AxInstSV)A',14),(9,_binary '','ActiveX Installer (AxInstSV)A',1),(10,_binary '','Adobe Genuine Software Integrity Service',1),(11,_binary '','AdobeUpdateService',1),(12,_binary '','ActiveX Installer (AxInstSV)A',16),(13,_binary '','Adobe Genuine Software Integrity Service',16),(14,_binary '','AdobeUpdateService',16),(15,_binary '','ActiveX Installer (AxInstSV)A',17),(16,_binary '','Adobe Genuine Software Integrity Service',17),(17,_binary '','AdobeUpdateService',17),(18,_binary '','ActiveX Installer (AxInstSV)A',23),(19,_binary '','Adobe Genuine Software Integrity Service',23),(20,_binary '','AdobeUpdateService',23),(21,_binary '','EFS',26),(22,_binary '','EFS2',26),(23,_binary '','EFS3',26),(24,_binary '','EFS4',26),(25,_binary '','EFS',27),(26,_binary '','EFS2',27),(27,_binary '','EFS3',27),(28,_binary '','EFS4',27),(29,_binary '','EFS5',26),(30,_binary '','EFS6',26),(31,_binary '','EFS7',26),(32,_binary '\0','EFS8',26),(33,_binary '','EFS5',29),(34,_binary '','EFS6',29),(35,_binary '','EFS7',29),(36,_binary '\0','EFS8',29),(37,_binary '','EFS',31),(38,_binary '','EFS2',31),(39,_binary '','EFS3',31),(40,_binary '','EFS4',31),(41,_binary '','EFS8',31),(42,_binary '','EFS',32),(43,_binary '','EFS2',32),(44,_binary '','EFS3',32),(45,_binary '','EFS4',32),(46,_binary '','EFS8',32),(47,_binary '','EFS',33),(48,_binary '','EFS2',33),(49,_binary '','EFS3',33),(50,_binary '','EFS4',33),(51,_binary '','EFS8',33),(52,_binary '','EFS',34),(53,_binary '','EFS2',34),(54,_binary '','EFS3',34),(55,_binary '','EFS4',34),(56,_binary '','EFS8',34),(57,_binary '','EFS',13),(58,_binary '','EFS2',13),(59,_binary '','EFS3',13),(60,_binary '','EFS4',13),(61,_binary '','EFS8',13),(62,_binary '','EFS',36),(63,_binary '','EFS2',36),(64,_binary '','EFS3',36),(65,_binary '','EFS4',36),(66,_binary '','EFS8',36),(67,_binary '','EFS',37),(68,_binary '','EFS2',37),(69,_binary '','EFS3',37),(70,_binary '','EFS4',37),(71,_binary '','EFS8',37),(72,_binary '','EFS',38),(73,_binary '','EFS2',38),(74,_binary '','EFS3',38),(75,_binary '','EFS4',38),(76,_binary '','EFS8',38),(77,_binary '','EFS9',36),(78,_binary '','EFS9',38),(79,_binary '','Servizio di test',38),(80,_binary '','!Error!',39),(81,_binary '','!Warning!',39),(82,_binary '','!Error of yesterday!',39),(83,_binary '','!Warning of yesterday!',39),(84,_binary '','!Error 2!',39),(85,_binary '','!Warning of yesterday 2!',39),(86,_binary '','!Error 2!',40),(87,_binary '','!Warning of yesterday 2!',40),(88,_binary '','EFS',40),(89,_binary '','EFS2',40),(90,_binary '','EFS1',40),(91,_binary '','EFSA',40);
/*!40000 ALTER TABLE `monitoraggio` ENABLE KEYS */;
UNLOCK TABLES;

--
-- Table structure for table `real_time`
--

DROP TABLE IF EXISTS `real_time`;
/*!40101 SET @saved_cs_client     = @@character_set_client */;
/*!50503 SET character_set_client = utf8mb4 */;
CREATE TABLE `real_time` (
  `id` int NOT NULL AUTO_INCREMENT,
  `operazione` varchar(255) DEFAULT NULL,
  `stato` int NOT NULL,
  `timestamp` datetime(6) DEFAULT NULL,
  PRIMARY KEY (`id`)
) ENGINE=InnoDB DEFAULT CHARSET=utf8;
/*!40101 SET character_set_client = @saved_cs_client */;

--
-- Dumping data for table `real_time`
--

LOCK TABLES `real_time` WRITE;
/*!40000 ALTER TABLE `real_time` DISABLE KEYS */;
/*!40000 ALTER TABLE `real_time` ENABLE KEYS */;
UNLOCK TABLES;

--
-- Table structure for table `sedi`
--

DROP TABLE IF EXISTS `sedi`;
/*!40101 SET @saved_cs_client     = @@character_set_client */;
/*!50503 SET character_set_client = utf8mb4 */;
CREATE TABLE `sedi` (
  `id` int NOT NULL AUTO_INCREMENT,
  `id_company` int NOT NULL,
  `nome` varchar(255) DEFAULT NULL,
  PRIMARY KEY (`id`),
  KEY `FKbj8at8i4m45weh87qxr58qu6h` (`id_company`),
  CONSTRAINT `FKbj8at8i4m45weh87qxr58qu6h` FOREIGN KEY (`id_company`) REFERENCES `elenco_companies` (`id`)
) ENGINE=InnoDB AUTO_INCREMENT=65 DEFAULT CHARSET=utf8mb4 COLLATE=utf8mb4_0900_ai_ci;
/*!40101 SET character_set_client = @saved_cs_client */;

--
-- Dumping data for table `sedi`
--

LOCK TABLES `sedi` WRITE;
/*!40000 ALTER TABLE `sedi` DISABLE KEYS */;
INSERT INTO `sedi` VALUES (0,3,'Senza sede'),(1,1,'Milano'),(2,1,'Roma'),(3,1,'Torino'),(4,2,'Verona'),(5,1,'Senza sede'),(15,4,'Savona'),(17,4,'Palermo'),(19,4,'Roma'),(31,6,'Palermo'),(32,7,'Roma'),(39,4,'Senza sede'),(42,6,'Senza sede'),(43,9,'Senza sede'),(45,9,'Milano'),(46,10,'Senza sede'),(47,10,'Savona'),(48,11,'Senza sede'),(50,11,'Roma'),(52,12,'Senza sede'),(53,12,'Milano'),(54,13,'Senza sede'),(57,13,'Venezia'),(59,13,'Milano');
/*!40000 ALTER TABLE `sedi` ENABLE KEYS */;
UNLOCK TABLES;

--
-- Table structure for table `tipologia_client`
--

DROP TABLE IF EXISTS `tipologia_client`;
/*!40101 SET @saved_cs_client     = @@character_set_client */;
/*!50503 SET character_set_client = utf8mb4 */;
CREATE TABLE `tipologia_client` (
  `id` int NOT NULL AUTO_INCREMENT,
  `nome_tipologia` varchar(255) DEFAULT NULL,
  PRIMARY KEY (`id`)
) ENGINE=InnoDB AUTO_INCREMENT=3 DEFAULT CHARSET=utf8;
/*!40101 SET character_set_client = @saved_cs_client */;

--
-- Dumping data for table `tipologia_client`
--

LOCK TABLES `tipologia_client` WRITE;
/*!40000 ALTER TABLE `tipologia_client` DISABLE KEYS */;
INSERT INTO `tipologia_client` VALUES (1,'Client'),(2,'Server');
/*!40000 ALTER TABLE `tipologia_client` ENABLE KEYS */;
UNLOCK TABLES;

--
-- Table structure for table `tipologie_licenze`
--

DROP TABLE IF EXISTS `tipologie_licenze`;
/*!40101 SET @saved_cs_client     = @@character_set_client */;
/*!50503 SET character_set_client = utf8mb4 */;
CREATE TABLE `tipologie_licenze` (
  `id` int NOT NULL AUTO_INCREMENT,
  `classe` int NOT NULL,
  `nome_tipologia` varchar(255) DEFAULT NULL,
  PRIMARY KEY (`id`)
) ENGINE=InnoDB AUTO_INCREMENT=6 DEFAULT CHARSET=utf8;
/*!40101 SET character_set_client = @saved_cs_client */;

--
-- Dumping data for table `tipologie_licenze`
--

LOCK TABLES `tipologie_licenze` WRITE;
/*!40000 ALTER TABLE `tipologie_licenze` DISABLE KEYS */;
INSERT INTO `tipologie_licenze` VALUES (1,1,'SISTEMA OPERATIVO'),(2,2,'BACKUP'),(3,3,'ANTIVIRUS'),(4,4,'RETE'),(5,5,'VULNERABILITA\'');
/*!40000 ALTER TABLE `tipologie_licenze` ENABLE KEYS */;
UNLOCK TABLES;

--
-- Table structure for table `visualizzazione_eventi`
--

DROP TABLE IF EXISTS `visualizzazione_eventi`;
/*!40101 SET @saved_cs_client     = @@character_set_client */;
/*!50503 SET character_set_client = utf8mb4 */;
CREATE TABLE `visualizzazione_eventi` (
  `id` int NOT NULL AUTO_INCREMENT,
  `date_and_time` datetime(6) DEFAULT NULL,
  `id_event` int NOT NULL,
  `info` varchar(255) DEFAULT NULL,
  `level` int NOT NULL,
  `macro_categoria` int NOT NULL,
  `sottocategoria` varchar(25) NOT NULL,
  `source` varchar(255) DEFAULT NULL,
  `task_category` varchar(255) DEFAULT NULL,
  `id_client` int DEFAULT NULL,
  `date_and_time_evento` datetime(6) DEFAULT NULL,
  PRIMARY KEY (`id`)
) ENGINE=InnoDB AUTO_INCREMENT=404 DEFAULT CHARSET=utf8;
/*!40101 SET character_set_client = @saved_cs_client */;

--
-- Dumping data for table `visualizzazione_eventi`
--

LOCK TABLES `visualizzazione_eventi` WRITE;
/*!40000 ALTER TABLE `visualizzazione_eventi` DISABLE KEYS */;
INSERT INTO `visualizzazione_eventi` VALUES (1,'2021-04-09 18:57:04.000000',100,'Updating Adobe products',1,0,'A','source','category',1,'2021-04-09 18:57:04.000000'),(2,'2021-04-09 18:58:20.000000',100,'Updating Adobe products',1,1,'A','source','category',1,'2021-04-09 18:58:20.000000'),(4,'2021-04-11 10:16:48.000000',100,'Info test A',1,0,'A','Source A',NULL,1,'2021-04-11 18:57:00.000000'),(5,'2021-04-11 10:16:48.000000',100,'Info test H',1,0,'H','Source H',NULL,1,'2021-04-11 18:57:00.000000'),(6,'2021-04-11 10:16:48.000000',100,'Info test S',1,0,'S','Source S',NULL,1,'2021-04-11 18:57:00.000000'),(7,'2021-04-11 10:16:48.000000',100,'Info test C',1,0,'C','Source C',NULL,1,'2021-04-11 18:57:00.000000'),(8,'2021-04-13 11:11:03.763081',100,'Info test A',1,0,'A','Source A',NULL,14,'2021-04-12 18:57:00.000000'),(9,'2021-04-13 11:11:03.763081',100,'Info test A',1,0,'A','Source A',NULL,14,'2021-04-12 17:57:00.000000'),(10,'2021-04-13 11:11:03.763081',100,'Info test A',1,0,'A','Source A',NULL,14,'2021-04-12 16:57:00.000000'),(11,'2021-04-13 11:11:03.763081',100,'Info test A',1,0,'A','Source A',NULL,14,'2021-04-12 15:57:00.000000'),(12,'2021-04-13 11:11:03.763081',100,'Info test A',1,0,'A','Source A',NULL,14,'2021-04-12 15:30:00.000000'),(13,'2021-04-13 11:11:03.763081',100,'Info test A',1,0,'A','Source A',NULL,14,'2021-04-12 19:02:00.000000'),(14,'2021-04-13 11:11:03.763081',100,'Info test A',1,0,'A','Source A',NULL,14,'2021-04-12 10:57:00.000000'),(15,'2021-04-13 11:11:03.763081',100,'Info test A',1,0,'A','Source A',NULL,14,'2021-04-12 15:53:00.000000'),(16,'2021-04-13 11:11:03.763081',100,'Info test A',1,0,'A','Source A',NULL,14,'2021-04-12 12:12:00.000000'),(17,'2021-04-13 11:12:03.763081',100,'Info test A',1,0,'A','Source A',NULL,14,'2021-04-12 11:11:00.000000'),(18,'2021-04-13 11:11:03.763081',100,'Info test A',1,0,'A','Source A',NULL,14,'2021-04-12 09:22:00.000000'),(19,'2021-04-13 11:11:03.763081',100,'Info test A',1,0,'A','Source A',NULL,14,'2021-04-12 15:55:00.000000'),(20,'2021-04-13 11:11:03.763081',100,'Info test A',1,0,'A','Source A',NULL,14,'2021-04-12 20:57:00.000000'),(21,'2021-04-13 11:11:03.763081',100,'Info test A',1,0,'A','Source A',NULL,14,'2021-04-12 06:57:00.000000'),(22,'2021-04-13 11:11:03.763081',100,'Info test A',1,0,'A','Source A',NULL,14,'2021-04-12 11:21:00.000000'),(23,'2021-04-13 11:11:03.763081',100,'Info test A',1,0,'A','Source A',NULL,14,'2021-04-12 23:12:00.000000'),(24,'2021-04-13 11:11:03.763081',100,'Info test A',1,0,'A','Source A',NULL,14,'2021-04-12 08:12:00.000000'),(25,'2021-04-13 11:11:03.763081',100,'Info test A',1,0,'A','Source A',NULL,14,'2021-04-12 18:12:00.000000'),(26,'2021-04-13 11:11:03.763081',100,'Info test A',1,0,'A','Source A',NULL,14,'2021-04-12 11:52:00.000000'),(27,'2021-04-13 11:11:03.763081',100,'evento A',1,0,'A','Source A',NULL,14,'2021-04-12 07:29:00.000000'),(28,'2021-04-13 11:11:03.763081',100,'Info test H',1,0,'H','Source H',NULL,14,'2021-04-12 18:57:00.000000'),(29,'2021-04-13 11:11:03.763081',100,'Info test S',1,0,'S','Source S',NULL,14,'2021-04-12 18:57:00.000000'),(30,'2021-04-13 11:11:03.763081',100,'Info test C',1,0,'C','Source C',NULL,14,'2021-04-12 18:57:00.000000'),(31,'2021-04-13 11:11:03.763081',100,'Info test C',1,0,'C','Source C',NULL,14,'2021-04-12 10:00:00.000000'),(32,'2021-04-20 14:19:04.317259',100,'Info test A',1,0,'A','Source A',NULL,14,'2021-04-12 18:57:00.000000'),(33,'2021-04-20 14:19:04.317259',100,'Info test A',1,0,'A','Source A',NULL,14,'2021-04-12 17:57:00.000000'),(34,'2021-04-20 14:19:04.317259',100,'Info test A',1,0,'A','Source A',NULL,14,'2021-04-12 16:57:00.000000'),(35,'2021-04-20 14:19:04.317259',100,'Info test A',1,0,'A','Source A',NULL,14,'2021-04-12 15:57:00.000000'),(36,'2021-04-20 14:19:04.317259',100,'Info test A',1,0,'A','Source A',NULL,14,'2021-04-12 15:30:00.000000'),(37,'2021-04-20 14:19:04.317259',100,'Info test A',1,0,'A','Source A',NULL,14,'2021-04-12 19:02:00.000000'),(38,'2021-04-20 14:19:04.317259',100,'Info test A',1,0,'A','Source A',NULL,14,'2021-04-12 10:57:00.000000'),(39,'2021-04-20 14:19:04.317259',100,'Info test A',1,0,'A','Source A',NULL,14,'2021-04-12 15:53:00.000000'),(40,'2021-04-20 14:19:04.317259',100,'Info test A',1,0,'A','Source A',NULL,14,'2021-04-12 12:12:00.000000'),(41,'2021-04-20 14:19:04.317259',100,'Info test A',1,0,'A','Source A',NULL,14,'2021-04-12 11:11:00.000000'),(42,'2021-04-20 14:19:04.317259',100,'Info test A',1,0,'A','Source A',NULL,14,'2021-04-12 09:22:00.000000'),(43,'2021-04-20 14:19:04.317259',100,'Info test A',1,0,'A','Source A',NULL,14,'2021-04-12 15:55:00.000000'),(44,'2021-04-20 14:19:04.317259',100,'Info test A',1,0,'A','Source A',NULL,14,'2021-04-12 20:57:00.000000'),(45,'2021-04-20 14:19:04.317259',100,'Info test A',1,0,'A','Source A',NULL,14,'2021-04-12 06:57:00.000000'),(46,'2021-04-20 14:19:04.317259',100,'Info test A',1,0,'A','Source A',NULL,14,'2021-04-12 11:21:00.000000'),(47,'2021-04-20 14:19:04.317259',100,'Info test A',1,0,'A','Source A',NULL,14,'2021-04-12 23:12:00.000000'),(48,'2021-04-20 14:19:04.317259',100,'Info test A',1,0,'A','Source A',NULL,14,'2021-04-12 08:12:00.000000'),(49,'2021-04-20 14:19:04.317259',100,'Info test A',1,0,'A','Source A',NULL,14,'2021-04-12 18:12:00.000000'),(50,'2021-04-20 14:19:04.317259',100,'Info test A',1,0,'A','Source A',NULL,14,'2021-04-12 11:52:00.000000'),(51,'2021-04-20 14:19:04.317259',100,'Info test A',1,0,'A','Source A',NULL,14,'2021-04-12 07:29:00.000000'),(52,'2021-04-20 14:19:04.317259',100,'Info test H',1,0,'H','Source H',NULL,14,'2021-04-12 18:57:00.000000'),(53,'2021-04-20 14:19:04.317259',100,'Info test S',1,0,'S','Source S',NULL,14,'2021-04-12 18:57:00.000000'),(54,'2021-04-20 14:19:04.317259',100,'Info test C',1,0,'C','Source C',NULL,14,'2021-04-12 18:57:00.000000'),(55,'2021-04-20 14:19:04.317259',100,'Info test C',1,0,'C','Source C',NULL,14,'2021-04-12 10:00:00.000000'),(56,'2021-04-20 14:20:29.902498',100,'Info test A',1,0,'A','Source A',NULL,17,'2021-04-12 18:57:00.000000'),(57,'2021-04-20 14:20:29.902498',100,'Info test A',1,0,'A','Source A',NULL,17,'2021-04-12 17:57:00.000000'),(58,'2021-04-20 14:20:29.902498',100,'Info test A',1,0,'A','Source A',NULL,17,'2021-04-12 16:57:00.000000'),(59,'2021-04-20 14:20:29.902498',100,'Info test A',1,0,'A','Source A',NULL,17,'2021-04-12 15:57:00.000000'),(60,'2021-04-20 14:20:29.902498',100,'Info test A',1,0,'A','Source A',NULL,17,'2021-04-12 15:30:00.000000'),(61,'2021-04-20 14:20:29.902498',100,'Info test A',1,0,'A','Source A',NULL,17,'2021-04-12 19:02:00.000000'),(62,'2021-04-20 14:20:29.902498',100,'Info test A',1,0,'A','Source A',NULL,17,'2021-04-12 10:57:00.000000'),(63,'2021-04-20 14:20:29.902498',100,'Info test A',1,0,'A','Source A',NULL,17,'2021-04-12 15:53:00.000000'),(64,'2021-04-20 14:20:29.902498',100,'Info test A',1,0,'A','Source A',NULL,17,'2021-04-12 12:12:00.000000'),(65,'2021-04-20 14:20:29.902498',100,'Info test A',1,0,'A','Source A',NULL,17,'2021-04-12 11:11:00.000000'),(66,'2021-04-20 14:20:29.902498',100,'Info test A',1,0,'A','Source A',NULL,17,'2021-04-12 09:22:00.000000'),(67,'2021-04-20 14:20:29.902498',100,'Info test A',1,0,'A','Source A',NULL,17,'2021-04-12 15:55:00.000000'),(68,'2021-04-20 14:20:29.902498',100,'Info test A',1,0,'A','Source A',NULL,17,'2021-04-12 20:57:00.000000'),(69,'2021-04-20 14:20:29.902498',100,'Info test A',1,0,'A','Source A',NULL,17,'2021-04-12 06:57:00.000000'),(70,'2021-04-20 14:20:29.902498',100,'Info test A',1,0,'A','Source A',NULL,17,'2021-04-12 11:21:00.000000'),(71,'2021-04-20 14:20:29.902498',100,'Info test A',1,0,'A','Source A',NULL,17,'2021-04-12 23:12:00.000000'),(72,'2021-04-20 14:20:29.902498',100,'Info test A',1,0,'A','Source A',NULL,17,'2021-04-12 08:12:00.000000'),(73,'2021-04-20 14:20:29.902498',100,'Info test A',1,0,'A','Source A',NULL,17,'2021-04-12 18:12:00.000000'),(74,'2021-04-20 14:20:29.902498',100,'Info test A',1,0,'A','Source A',NULL,17,'2021-04-12 11:52:00.000000'),(75,'2021-04-20 14:20:29.902498',100,'Info test A',1,0,'A','Source A',NULL,17,'2021-04-12 07:29:00.000000'),(76,'2021-04-20 14:20:29.902498',100,'Info test H',1,0,'H','Source H',NULL,17,'2021-04-12 18:57:00.000000'),(77,'2021-04-20 14:20:29.902498',100,'Info test S',1,0,'S','Source S',NULL,17,'2021-04-12 18:57:00.000000'),(78,'2021-04-20 14:20:29.902498',100,'Info test C',1,0,'C','Source C',NULL,17,'2021-04-12 18:57:00.000000'),(79,'2021-04-20 14:20:29.902498',100,'Info test C',1,0,'C','Source C',NULL,17,'2021-04-12 10:00:00.000000'),(80,'2021-04-23 11:48:06.625148',100,'Info test A',1,0,'A','Source A',NULL,14,'2021-04-12 18:57:00.000000'),(81,'2021-04-23 11:48:06.625148',100,'Info test A',1,0,'A','Source A',NULL,14,'2021-04-12 17:57:00.000000'),(82,'2021-04-23 11:48:06.625148',100,'Info test A',1,0,'A','Source A',NULL,14,'2021-04-12 16:57:00.000000'),(83,'2021-04-23 11:48:06.625148',100,'Info test A',1,0,'A','Source A',NULL,14,'2021-04-12 15:57:00.000000'),(84,'2021-04-23 11:48:06.625148',100,'Info test A',1,0,'A','Source A',NULL,14,'2021-04-12 15:30:00.000000'),(85,'2021-04-23 11:48:06.625148',100,'Info test A',1,0,'A','Source A',NULL,14,'2021-04-12 19:02:00.000000'),(86,'2021-04-23 11:48:06.625148',100,'Info test A',1,0,'A','Source A',NULL,14,'2021-04-12 10:57:00.000000'),(87,'2021-04-23 11:48:06.625148',100,'Info test A',1,0,'A','Source A',NULL,14,'2021-04-12 15:53:00.000000'),(88,'2021-04-23 11:48:06.625148',100,'Info test A',1,0,'A','Source A',NULL,14,'2021-04-12 12:12:00.000000'),(89,'2021-04-23 11:48:06.625148',100,'Info test A',1,0,'A','Source A',NULL,14,'2021-04-12 11:11:00.000000'),(90,'2021-04-23 11:48:06.625148',100,'Info test A',1,0,'A','Source A',NULL,14,'2021-04-12 09:22:00.000000'),(91,'2021-04-23 11:48:06.625148',100,'Info test A',1,0,'A','Source A',NULL,14,'2021-04-12 15:55:00.000000'),(92,'2021-04-23 11:48:06.625148',100,'Info test A',1,0,'A','Source A',NULL,14,'2021-04-12 20:57:00.000000'),(93,'2021-04-23 11:48:06.625148',100,'Info test A',1,0,'A','Source A',NULL,14,'2021-04-12 06:57:00.000000'),(94,'2021-04-23 11:48:06.625148',100,'Info test A',1,0,'A','Source A',NULL,14,'2021-04-12 11:21:00.000000'),(95,'2021-04-23 11:48:06.625148',100,'Info test A',1,0,'A','Source A',NULL,14,'2021-04-12 23:12:00.000000'),(96,'2021-04-23 11:48:06.625148',100,'Info test A',1,0,'A','Source A',NULL,14,'2021-04-12 08:12:00.000000'),(97,'2021-04-23 11:48:06.625148',100,'Info test A',1,0,'A','Source A',NULL,14,'2021-04-12 18:12:00.000000'),(98,'2021-04-23 11:48:06.625148',100,'Info test A',1,0,'A','Source A',NULL,14,'2021-04-12 11:52:00.000000'),(99,'2021-04-23 11:48:06.625148',100,'Info test A',1,0,'A','Source A',NULL,14,'2021-04-12 07:29:00.000000'),(100,'2021-04-23 11:48:06.625148',100,'Info test H',1,0,'H','Source H',NULL,14,'2021-04-12 18:57:00.000000'),(101,'2021-04-23 11:48:06.625148',100,'Info test S',1,0,'S','Source S',NULL,14,'2021-04-12 18:57:00.000000'),(102,'2021-04-23 11:48:06.625148',100,'Info test C',1,0,'C','Source C',NULL,14,'2021-04-12 18:57:00.000000'),(103,'2021-04-23 11:48:06.625148',100,'Info test C',1,0,'C','Source C',NULL,14,'2021-04-12 10:00:00.000000'),(104,'2021-04-23 11:53:38.596176',100,'Info test A',1,0,'A','Source A',NULL,14,'2021-04-12 18:57:00.000000'),(105,'2021-04-23 11:53:38.596176',100,'Info test A',1,0,'A','Source A',NULL,14,'2021-04-12 17:57:00.000000'),(106,'2021-04-23 11:53:38.596176',100,'Info test A',1,0,'A','Source A',NULL,14,'2021-04-12 16:57:00.000000'),(107,'2021-04-23 11:53:38.596176',100,'Info test A',1,0,'A','Source A',NULL,14,'2021-04-12 15:57:00.000000'),(108,'2021-04-23 11:53:38.596176',100,'Info test A',1,0,'A','Source A',NULL,14,'2021-04-12 15:30:00.000000'),(109,'2021-04-23 11:53:38.596176',100,'Info test A',1,0,'A','Source A',NULL,14,'2021-04-12 19:02:00.000000'),(110,'2021-04-23 11:53:38.596176',100,'Info test A',1,0,'A','Source A',NULL,14,'2021-04-12 10:57:00.000000'),(111,'2021-04-23 11:53:38.596176',100,'Info test A',1,0,'A','Source A',NULL,14,'2021-04-12 15:53:00.000000'),(112,'2021-04-23 11:53:38.596176',100,'Info test A',1,0,'A','Source A',NULL,14,'2021-04-12 12:12:00.000000'),(113,'2021-04-23 11:53:38.596176',100,'Info test A',1,0,'A','Source A',NULL,14,'2021-04-12 11:11:00.000000'),(114,'2021-04-23 11:53:38.596176',100,'Info test A',1,0,'A','Source A',NULL,14,'2021-04-12 09:22:00.000000'),(115,'2021-04-23 11:53:38.596176',100,'Info test A',1,0,'A','Source A',NULL,14,'2021-04-12 15:55:00.000000'),(116,'2021-04-23 11:53:38.596176',100,'Info test A',1,0,'A','Source A',NULL,14,'2021-04-12 20:57:00.000000'),(117,'2021-04-23 11:53:38.596176',100,'Info test A',1,0,'A','Source A',NULL,14,'2021-04-12 06:57:00.000000'),(118,'2021-04-23 11:53:38.596176',100,'Info test A',1,0,'A','Source A',NULL,14,'2021-04-12 11:21:00.000000'),(119,'2021-04-23 11:53:38.596176',100,'Info test A',1,0,'A','Source A',NULL,14,'2021-04-12 23:12:00.000000'),(120,'2021-04-23 11:53:38.596176',100,'Info test A',1,0,'A','Source A',NULL,14,'2021-04-12 08:12:00.000000'),(121,'2021-04-23 11:53:38.596176',100,'Info test A',1,0,'A','Source A',NULL,14,'2021-04-12 18:12:00.000000'),(122,'2021-04-23 11:53:38.596176',100,'Info test A',1,0,'A','Source A',NULL,14,'2021-04-12 11:52:00.000000'),(123,'2021-04-23 11:53:38.596176',100,'Info test A',1,0,'A','Source A',NULL,14,'2021-04-12 07:29:00.000000'),(124,'2021-04-23 11:53:38.596176',100,'Info test H',1,0,'H','Source H',NULL,14,'2021-04-12 18:57:00.000000'),(125,'2021-04-23 11:53:38.596176',100,'Info test S',1,0,'S','Source S',NULL,14,'2021-04-12 18:57:00.000000'),(126,'2021-04-23 11:53:38.596176',100,'Info test C',1,0,'C','Source C',NULL,14,'2021-04-12 18:57:00.000000'),(127,'2021-04-23 11:53:38.596176',100,'Info test C',1,0,'C','Source C',NULL,14,'2021-04-12 10:00:00.000000'),(128,'2021-04-23 15:27:45.614312',100,'Info test A',1,0,'A','Source A',NULL,26,'2021-04-12 18:57:00.000000'),(129,'2021-04-23 15:27:45.614312',100,'Info test A',1,0,'A','Source A',NULL,26,'2021-04-12 17:57:00.000000'),(130,'2021-04-23 15:27:45.614312',100,'Info test A',1,0,'A','Source A',NULL,26,'2021-04-12 16:57:00.000000'),(131,'2021-04-23 15:27:45.614312',100,'Info test A',1,0,'A','Source A',NULL,26,'2021-04-12 15:57:00.000000'),(132,'2021-04-23 15:27:45.614312',100,'Info test A',1,0,'A','Source A',NULL,26,'2021-04-12 15:30:00.000000'),(133,'2021-04-23 15:27:45.614312',100,'Info test A',1,0,'A','Source A',NULL,26,'2021-04-12 19:02:00.000000'),(134,'2021-04-23 15:27:45.614312',100,'Info test A',1,0,'A','Source A',NULL,26,'2021-04-12 10:57:00.000000'),(135,'2021-04-23 15:27:45.614312',100,'Info test A',1,0,'A','Source A',NULL,26,'2021-04-12 15:53:00.000000'),(136,'2021-04-23 15:27:45.614312',100,'Info test A',1,0,'A','Source A',NULL,26,'2021-04-12 12:12:00.000000'),(137,'2021-04-23 15:27:45.614312',100,'Info test A',1,0,'A','Source A',NULL,26,'2021-04-12 11:11:00.000000'),(138,'2021-04-23 15:27:45.614312',100,'Info test A',1,0,'A','Source A',NULL,26,'2021-04-12 09:22:00.000000'),(139,'2021-04-23 15:27:45.614312',100,'Info test A',1,0,'A','Source A',NULL,26,'2021-04-12 15:55:00.000000'),(140,'2021-04-23 15:27:45.614312',100,'Info test A',1,0,'A','Source A',NULL,26,'2021-04-12 20:57:00.000000'),(141,'2021-04-23 15:27:45.614312',100,'Info test A',1,0,'A','Source A',NULL,26,'2021-04-12 06:57:00.000000'),(142,'2021-04-23 15:27:45.614312',100,'Info test A',1,0,'A','Source A',NULL,26,'2021-04-12 11:21:00.000000'),(143,'2021-04-23 15:27:45.614312',100,'Info test A',1,0,'A','Source A',NULL,26,'2021-04-12 23:12:00.000000'),(144,'2021-04-23 15:27:45.614312',100,'Info test A',1,0,'A','Source A',NULL,26,'2021-04-12 08:12:00.000000'),(145,'2021-04-23 15:27:45.614312',100,'Info test A',1,0,'A','Source A',NULL,26,'2021-04-12 18:12:00.000000'),(146,'2021-04-23 15:27:45.614312',100,'Info test A',1,0,'A','Source A',NULL,26,'2021-04-12 11:52:00.000000'),(147,'2021-04-23 15:27:45.614312',100,'Info test A',1,0,'A','Source A',NULL,26,'2021-04-12 07:29:00.000000'),(148,'2021-04-23 15:27:45.614312',100,'Info test H',1,0,'H','Source H',NULL,26,'2021-04-12 18:57:00.000000'),(149,'2021-04-23 15:27:45.614312',100,'Info test S',1,0,'S','Source S',NULL,26,'2021-04-12 18:57:00.000000'),(150,'2021-04-23 15:27:45.614312',100,'Info test C',1,0,'C','Source C',NULL,26,'2021-04-12 18:57:00.000000'),(151,'2021-04-23 15:27:45.614312',100,'Info test C',1,0,'C','Source C',NULL,26,'2021-04-12 10:00:00.000000'),(152,'2021-04-26 09:46:56.233255',100,'Info test A',1,0,'A','Source A',NULL,29,'2021-04-12 18:57:00.000000'),(153,'2021-04-26 09:46:56.233255',100,'Info test A',1,0,'A','Source A',NULL,29,'2021-04-12 17:57:00.000000'),(154,'2021-04-26 09:46:56.233255',100,'Info test A',1,0,'A','Source A',NULL,29,'2021-04-12 16:57:00.000000'),(155,'2021-04-26 09:46:56.233255',100,'Info test A',1,0,'A','Source A',NULL,29,'2021-04-12 15:57:00.000000'),(156,'2021-04-26 09:46:56.233255',100,'Info test A',1,0,'A','Source A',NULL,29,'2021-04-12 15:30:00.000000'),(157,'2021-04-26 09:46:56.233255',100,'Info test A',1,0,'A','Source A',NULL,29,'2021-04-12 19:02:00.000000'),(158,'2021-04-26 09:46:56.233255',100,'Info test A',1,0,'A','Source A',NULL,29,'2021-04-12 10:57:00.000000'),(159,'2021-04-26 09:46:56.233255',100,'Info test A',1,0,'A','Source A',NULL,29,'2021-04-12 15:53:00.000000'),(160,'2021-04-26 09:46:56.233255',100,'Info test A',1,0,'A','Source A',NULL,29,'2021-04-12 12:12:00.000000'),(161,'2021-04-26 09:46:56.233255',100,'Info test A',1,0,'A','Source A',NULL,29,'2021-04-12 11:11:00.000000'),(162,'2021-04-26 09:46:56.233255',100,'Info test A',1,0,'A','Source A',NULL,29,'2021-04-12 09:22:00.000000'),(163,'2021-04-26 09:46:56.233255',100,'Info test A',1,0,'A','Source A',NULL,29,'2021-04-12 15:55:00.000000'),(164,'2021-04-26 09:46:56.233255',100,'Info test A',1,0,'A','Source A',NULL,29,'2021-04-12 20:57:00.000000'),(165,'2021-04-26 09:46:56.233255',100,'Info test A',1,0,'A','Source A',NULL,29,'2021-04-12 06:57:00.000000'),(166,'2021-04-26 09:46:56.233255',100,'Info test A',1,0,'A','Source A',NULL,29,'2021-04-12 11:21:00.000000'),(167,'2021-04-26 09:46:56.233255',100,'Info test A',1,0,'A','Source A',NULL,29,'2021-04-12 23:12:00.000000'),(168,'2021-04-26 09:46:56.233255',100,'Info test A',1,0,'A','Source A',NULL,29,'2021-04-12 08:12:00.000000'),(169,'2021-04-26 09:46:56.233255',100,'Info test A',1,0,'A','Source A',NULL,29,'2021-04-12 18:12:00.000000'),(170,'2021-04-26 09:46:56.233255',100,'Info test A',1,0,'A','Source A',NULL,29,'2021-04-12 11:52:00.000000'),(171,'2021-04-26 09:46:56.233255',100,'Info test A',1,0,'A','Source A',NULL,29,'2021-04-12 07:29:00.000000'),(172,'2021-04-26 09:46:56.233255',100,'Info test H',1,0,'H','Source H',NULL,29,'2021-04-12 18:57:00.000000'),(173,'2021-04-26 09:46:56.233255',100,'Info test S',1,0,'S','Source S',NULL,29,'2021-04-12 18:57:00.000000'),(174,'2021-04-26 09:46:56.233255',100,'Info test C',1,0,'C','Source C',NULL,29,'2021-04-12 18:57:00.000000'),(175,'2021-04-26 09:46:56.233255',100,'Info test C',1,0,'C','Source C',NULL,29,'2021-04-12 10:00:00.000000'),(176,'2021-04-26 14:58:48.070449',100,'Info test A',1,0,'A','Source A',NULL,29,'2021-04-12 18:57:00.000000'),(177,'2021-04-26 14:58:48.070449',100,'Info test A',1,0,'A','Source A',NULL,29,'2021-04-12 17:57:00.000000'),(178,'2021-04-26 14:58:48.070449',100,'Info test A',1,0,'A','Source A',NULL,29,'2021-04-12 16:57:00.000000'),(179,'2021-04-26 14:58:48.070449',100,'Info test A',1,0,'A','Source A',NULL,29,'2021-04-12 15:57:00.000000'),(180,'2021-04-26 14:58:48.070449',100,'Info test A',1,0,'A','Source A',NULL,29,'2021-04-12 15:30:00.000000'),(181,'2021-04-26 14:58:48.070449',100,'Info test A',1,0,'A','Source A',NULL,29,'2021-04-12 19:02:00.000000'),(182,'2021-04-26 14:58:48.070449',100,'Info test A',1,0,'A','Source A',NULL,29,'2021-04-12 10:57:00.000000'),(183,'2021-04-26 14:58:48.070449',100,'Info test A',1,0,'A','Source A',NULL,29,'2021-04-12 15:53:00.000000'),(184,'2021-04-26 14:58:48.070449',100,'Info test A',1,0,'A','Source A',NULL,29,'2021-04-12 12:12:00.000000'),(185,'2021-04-26 14:58:48.070449',100,'Info test A',1,0,'A','Source A',NULL,29,'2021-04-12 11:11:00.000000'),(186,'2021-04-26 14:58:48.070449',100,'Info test A',1,0,'A','Source A',NULL,29,'2021-04-12 09:22:00.000000'),(187,'2021-04-26 14:58:48.070449',100,'Info test A',1,0,'A','Source A',NULL,29,'2021-04-12 15:55:00.000000'),(188,'2021-04-26 14:58:48.070449',100,'Info test A',1,0,'A','Source A',NULL,29,'2021-04-12 20:57:00.000000'),(189,'2021-04-26 14:58:48.070449',100,'Info test A',1,0,'A','Source A',NULL,29,'2021-04-12 06:57:00.000000'),(190,'2021-04-26 14:58:48.070449',100,'Info test A',1,0,'A','Source A',NULL,29,'2021-04-12 11:21:00.000000'),(191,'2021-04-26 14:58:48.070449',100,'Info test A',1,0,'A','Source A',NULL,29,'2021-04-12 23:12:00.000000'),(192,'2021-04-26 14:58:48.070449',100,'Info test A',1,0,'A','Source A',NULL,29,'2021-04-12 08:12:00.000000'),(193,'2021-04-26 14:58:48.070449',100,'Info test A',1,0,'A','Source A',NULL,29,'2021-04-12 18:12:00.000000'),(194,'2021-04-26 14:58:48.070449',100,'Info test A',1,0,'A','Source A',NULL,29,'2021-04-12 11:52:00.000000'),(195,'2021-04-26 14:58:48.070449',100,'Info test A',1,0,'A','Source A',NULL,29,'2021-04-12 07:29:00.000000'),(196,'2021-04-26 14:58:48.070449',100,'Info test H',1,0,'H','Source H',NULL,29,'2021-04-12 18:57:00.000000'),(197,'2021-04-26 14:58:48.070449',100,'Info test S',1,0,'S','Source S',NULL,29,'2021-04-12 18:57:00.000000'),(198,'2021-04-26 14:58:48.070449',100,'Info test C',1,0,'C','Source C',NULL,29,'2021-04-12 18:57:00.000000'),(199,'2021-04-26 14:58:48.070449',100,'Info test C',1,0,'C','Source C',NULL,29,'2021-04-12 10:00:00.000000'),(200,'2021-04-26 14:59:53.655392',100,'Info test A',1,0,'A','Source A',NULL,14,'2021-04-12 18:57:00.000000'),(201,'2021-04-26 14:59:53.655392',100,'Info test A',1,0,'A','Source A',NULL,14,'2021-04-12 17:57:00.000000'),(202,'2021-04-26 14:59:53.655392',100,'Info test A',1,0,'A','Source A',NULL,14,'2021-04-12 16:57:00.000000'),(203,'2021-04-26 14:59:53.655392',100,'Info test A',1,0,'A','Source A',NULL,14,'2021-04-12 15:57:00.000000'),(204,'2021-04-26 14:59:53.655392',100,'Info test A',1,0,'A','Source A',NULL,14,'2021-04-12 15:30:00.000000'),(205,'2021-04-26 14:59:53.655392',100,'Info test A',1,0,'A','Source A',NULL,14,'2021-04-12 19:02:00.000000'),(206,'2021-04-26 14:59:53.655392',100,'Info test A',1,0,'A','Source A',NULL,14,'2021-04-12 10:57:00.000000'),(207,'2021-04-26 14:59:53.655392',100,'Info test A',1,0,'A','Source A',NULL,14,'2021-04-12 15:53:00.000000'),(208,'2021-04-26 14:59:53.655392',100,'Info test A',1,0,'A','Source A',NULL,14,'2021-04-12 12:12:00.000000'),(209,'2021-04-26 14:59:53.655392',100,'Info test A',1,0,'A','Source A',NULL,14,'2021-04-12 11:11:00.000000'),(210,'2021-04-26 14:59:53.655392',100,'Info test A',1,0,'A','Source A',NULL,14,'2021-04-12 09:22:00.000000'),(211,'2021-04-26 14:59:53.655392',100,'Info test A',1,0,'A','Source A',NULL,14,'2021-04-12 15:55:00.000000'),(212,'2021-04-26 14:59:53.655392',100,'Info test A',1,0,'A','Source A',NULL,14,'2021-04-12 20:57:00.000000'),(213,'2021-04-26 14:59:53.655392',100,'Info test A',1,0,'A','Source A',NULL,14,'2021-04-12 06:57:00.000000'),(214,'2021-04-26 14:59:53.655392',100,'Info test A',1,0,'A','Source A',NULL,14,'2021-04-12 11:21:00.000000'),(215,'2021-04-26 14:59:53.655392',100,'Info test A',1,0,'A','Source A',NULL,14,'2021-04-12 23:12:00.000000'),(216,'2021-04-26 14:59:53.655392',100,'Info test A',1,0,'A','Source A',NULL,14,'2021-04-12 08:12:00.000000'),(217,'2021-04-26 14:59:53.655392',100,'Info test A',1,0,'A','Source A',NULL,14,'2021-04-12 18:12:00.000000'),(218,'2021-04-26 14:59:53.655392',100,'Info test A',1,0,'A','Source A',NULL,14,'2021-04-12 11:52:00.000000'),(219,'2021-04-26 14:59:53.655392',100,'Info test A',1,0,'A','Source A',NULL,14,'2021-04-12 07:29:00.000000'),(220,'2021-04-26 14:59:53.655392',100,'Info test H',1,0,'H','Source H',NULL,14,'2021-04-12 18:57:00.000000'),(221,'2021-04-26 14:59:53.655392',100,'Info test S',1,0,'S','Source S',NULL,14,'2021-04-12 18:57:00.000000'),(222,'2021-04-26 14:59:53.655392',100,'Info test C',1,0,'C','Source C',NULL,14,'2021-04-12 18:57:00.000000'),(223,'2021-04-26 14:59:53.655392',100,'Info test C',1,0,'C','Source C',NULL,14,'2021-04-12 10:00:00.000000'),(224,'2021-04-26 15:00:05.099670',100,'Info test A',1,0,'A','Source A',NULL,1,'2021-04-12 18:57:00.000000'),(225,'2021-04-26 15:00:05.099670',100,'Info test A',1,0,'A','Source A',NULL,1,'2021-04-12 17:57:00.000000'),(226,'2021-04-26 15:00:05.099670',100,'Info test A',1,0,'A','Source A',NULL,1,'2021-04-12 16:57:00.000000'),(227,'2021-04-26 15:00:05.099670',100,'Info test A',1,0,'A','Source A',NULL,1,'2021-04-12 15:57:00.000000'),(228,'2021-04-26 15:00:05.099670',100,'Info test A',1,0,'A','Source A',NULL,1,'2021-04-12 15:30:00.000000'),(229,'2021-04-26 15:00:05.099670',100,'Info test A',1,0,'A','Source A',NULL,1,'2021-04-12 19:02:00.000000'),(230,'2021-04-26 15:00:05.099670',100,'Info test A',1,0,'A','Source A',NULL,1,'2021-04-12 10:57:00.000000'),(231,'2021-04-26 15:00:05.099670',100,'Info test A',1,0,'A','Source A',NULL,1,'2021-04-12 15:53:00.000000'),(232,'2021-04-26 15:00:05.099670',100,'Info test A',1,0,'A','Source A',NULL,1,'2021-04-12 12:12:00.000000'),(233,'2021-04-26 15:00:05.099670',100,'Info test A',1,0,'A','Source A',NULL,1,'2021-04-12 11:11:00.000000'),(234,'2021-04-26 15:00:05.099670',100,'Info test A',1,0,'A','Source A',NULL,1,'2021-04-12 09:22:00.000000'),(235,'2021-04-26 15:00:05.099670',100,'Info test A',1,0,'A','Source A',NULL,1,'2021-04-12 15:55:00.000000'),(236,'2021-04-26 15:00:05.099670',100,'Info test A',1,0,'A','Source A',NULL,1,'2021-04-12 20:57:00.000000'),(237,'2021-04-26 15:00:05.099670',100,'Info test A',1,0,'A','Source A',NULL,1,'2021-04-12 06:57:00.000000'),(238,'2021-04-26 15:00:05.099670',100,'Info test A',1,0,'A','Source A',NULL,1,'2021-04-12 11:21:00.000000'),(239,'2021-04-26 15:00:05.099670',100,'Info test A',1,0,'A','Source A',NULL,1,'2021-04-12 23:12:00.000000'),(240,'2021-04-26 15:00:05.099670',100,'Info test A',1,0,'A','Source A',NULL,1,'2021-04-12 08:12:00.000000'),(241,'2021-04-26 15:00:05.099670',100,'Info test A',1,0,'A','Source A',NULL,1,'2021-04-12 18:12:00.000000'),(242,'2021-04-26 15:00:05.099670',100,'Info test A',1,0,'A','Source A',NULL,1,'2021-04-12 11:52:00.000000'),(243,'2021-04-26 15:00:05.099670',100,'Info test A',1,0,'A','Source A',NULL,1,'2021-04-12 07:29:00.000000'),(244,'2021-04-26 15:00:05.099670',100,'Info test H',1,0,'H','Source H',NULL,1,'2021-04-12 18:57:00.000000'),(245,'2021-04-25 15:00:05.099670',100,'Info test S',1,0,'S','Source S',NULL,1,'2021-04-12 18:57:00.000000'),(246,'2021-04-26 15:00:05.099670',100,'Info test C',1,0,'C','Source C',NULL,1,'2021-04-12 18:57:00.000000'),(247,'2021-04-26 15:00:05.099670',100,'Info test C',1,0,'C','Source C',NULL,1,'2021-04-12 10:00:00.000000'),(248,'2021-04-26 15:05:45.206664',100,'Info test A1',1,0,'A','Source A',NULL,1,'2021-04-12 18:57:00.000000'),(249,'2021-04-26 15:05:45.206664',100,'Info test A',1,0,'A','Source A',NULL,1,'2021-04-12 17:57:00.000000'),(250,'2021-04-26 15:05:45.206664',100,'Info test A',1,0,'A','Source A',NULL,1,'2021-04-12 16:57:00.000000'),(251,'2021-04-26 15:05:45.206664',100,'Info test A',1,0,'A','Source A',NULL,1,'2021-04-12 15:57:00.000000'),(252,'2021-04-26 15:05:45.206664',100,'Info test A',1,0,'A','Source A',NULL,1,'2021-04-12 15:30:00.000000'),(253,'2021-04-26 15:05:45.206664',100,'Info test A',1,0,'A','Source A',NULL,1,'2021-04-12 19:02:00.000000'),(254,'2021-04-26 15:05:45.206664',100,'Info test A',1,0,'A','Source A',NULL,1,'2021-04-12 10:57:00.000000'),(255,'2021-04-26 15:05:45.206664',100,'Info test A',1,0,'A','Source A',NULL,1,'2021-04-12 15:53:00.000000'),(256,'2021-04-26 15:05:45.206664',100,'Info test A',1,0,'A','Source A',NULL,1,'2021-04-12 12:12:00.000000'),(257,'2021-04-26 15:05:45.206664',100,'Info test A',1,0,'A','Source A',NULL,1,'2021-04-12 11:11:00.000000'),(258,'2021-04-26 15:05:45.206664',100,'Info test A',1,0,'A','Source A',NULL,1,'2021-04-12 09:22:00.000000'),(259,'2021-04-26 15:05:45.206664',100,'Info test A',1,0,'A','Source A',NULL,1,'2021-04-12 15:55:00.000000'),(260,'2021-04-26 15:05:45.206664',100,'Info test A',1,0,'A','Source A',NULL,1,'2021-04-12 20:57:00.000000'),(261,'2021-04-26 15:05:45.206664',100,'Info test A',1,0,'A','Source A',NULL,1,'2021-04-12 06:57:00.000000'),(262,'2021-04-26 15:05:45.206664',100,'Info test A',1,0,'A','Source A',NULL,1,'2021-04-12 11:21:00.000000'),(263,'2021-04-26 15:05:45.206664',100,'Info test A',1,0,'A','Source A',NULL,1,'2021-04-12 23:12:00.000000'),(264,'2021-04-26 15:05:45.206664',100,'Info test A',1,0,'A','Source A',NULL,1,'2021-04-12 08:12:00.000000'),(265,'2021-04-26 15:05:45.206664',100,'Info test A',1,0,'A','Source A',NULL,1,'2021-04-12 18:12:00.000000'),(266,'2021-04-26 15:05:45.206664',100,'Info test A',1,0,'A','Source A',NULL,1,'2021-04-12 11:52:00.000000'),(267,'2021-04-26 15:05:45.206664',100,'Info test A',1,0,'A','Source A',NULL,1,'2021-04-12 07:29:00.000000'),(268,'2021-04-26 15:05:45.206664',100,'Info test H',1,0,'H','Source H',NULL,1,'2021-04-12 18:57:00.000000'),(269,'2021-04-26 15:05:45.206664',100,'Info test S',1,0,'S','Source S',NULL,1,'2021-04-12 18:57:00.000000'),(270,'2021-04-26 15:05:45.206664',100,'Info test C',1,0,'C','Source C',NULL,1,'2021-04-12 18:57:00.000000'),(271,'2021-04-26 15:05:45.206664',100,'Info test C',1,0,'C','Source C',NULL,1,'2021-04-12 10:00:00.000000'),(272,'2021-04-26 15:08:47.849305',100,'Info test A2',1,0,'A','Source A',NULL,1,'2021-04-12 18:57:00.000000'),(273,'2021-04-26 15:08:47.849305',100,'Info test A',1,0,'A','Source A',NULL,1,'2021-04-12 17:57:00.000000'),(274,'2021-04-26 15:08:47.849305',100,'Info test A',1,0,'A','Source A',NULL,1,'2021-04-12 16:57:00.000000'),(275,'2021-04-26 15:08:47.849305',100,'Info test A',1,0,'A','Source A',NULL,1,'2021-04-12 15:57:00.000000'),(276,'2021-04-26 15:08:47.849305',100,'Info test A',1,0,'A','Source A',NULL,1,'2021-04-12 15:30:00.000000'),(277,'2021-04-26 15:08:47.849305',100,'Info test A',1,0,'A','Source A',NULL,1,'2021-04-12 19:02:00.000000'),(278,'2021-04-26 15:08:47.849305',100,'Info test A',1,0,'A','Source A',NULL,1,'2021-04-12 10:57:00.000000'),(279,'2021-04-26 15:08:47.849305',100,'Info test A',1,0,'A','Source A',NULL,1,'2021-04-12 15:53:00.000000'),(280,'2021-04-26 15:08:47.849305',100,'Info test A',1,0,'A','Source A',NULL,1,'2021-04-12 12:12:00.000000'),(281,'2021-04-26 15:08:47.849305',100,'Info test A',1,0,'A','Source A',NULL,1,'2021-04-12 11:11:00.000000'),(282,'2021-04-26 15:08:47.849305',100,'Info test A',1,0,'A','Source A',NULL,1,'2021-04-12 09:22:00.000000'),(283,'2021-04-26 15:08:47.849305',100,'Info test A',1,0,'A','Source A',NULL,1,'2021-04-12 15:55:00.000000'),(284,'2021-04-26 15:08:47.849305',100,'Info test A',1,0,'A','Source A',NULL,1,'2021-04-12 20:57:00.000000'),(285,'2021-04-26 15:08:47.849305',100,'Info test A',1,0,'A','Source A',NULL,1,'2021-04-12 06:57:00.000000'),(286,'2021-04-26 15:08:47.849305',100,'Info test A',1,0,'A','Source A',NULL,1,'2021-04-12 11:21:00.000000'),(287,'2021-04-26 15:08:47.849305',100,'Info test A',1,0,'A','Source A',NULL,1,'2021-04-12 23:12:00.000000'),(288,'2021-04-26 15:08:47.849305',100,'Info test A',1,0,'A','Source A',NULL,1,'2021-04-12 08:12:00.000000'),(289,'2021-04-26 15:08:47.849305',100,'Info test A',1,0,'A','Source A',NULL,1,'2021-04-12 18:12:00.000000'),(290,'2021-04-26 15:08:47.849305',100,'Info test A',1,0,'A','Source A',NULL,1,'2021-04-12 11:52:00.000000'),(291,'2021-04-26 15:08:47.849305',100,'Info test A',1,0,'A','Source A',NULL,1,'2021-04-12 07:29:00.000000'),(292,'2021-04-26 15:08:47.849305',100,'Info test H',1,0,'H','Source H',NULL,1,'2021-04-12 18:57:00.000000'),(293,'2021-04-26 15:08:47.849305',100,'Info test S',1,0,'S','Source S',NULL,1,'2021-04-12 18:57:00.000000'),(294,'2021-04-26 15:08:47.849305',100,'Info test C',1,0,'C','Source C',NULL,1,'2021-04-12 18:57:00.000000'),(295,'2021-04-26 15:08:47.849305',100,'Info test C',1,0,'C','Source C',NULL,1,'2021-04-12 10:00:00.000000'),(296,'2021-04-26 15:09:35.089504',100,'Info test A3',2,0,'A','Source A',NULL,1,'2021-04-12 18:57:00.000000'),(297,'2021-04-26 15:09:35.089504',100,'Info test A',1,0,'A','Source A',NULL,1,'2021-04-12 17:57:00.000000'),(298,'2021-04-26 15:09:35.089504',100,'Info test A',1,0,'A','Source A',NULL,1,'2021-04-12 16:57:00.000000'),(299,'2021-04-26 15:09:35.089504',100,'Info test A',1,0,'A','Source A',NULL,1,'2021-04-12 15:57:00.000000'),(300,'2021-04-26 15:09:35.089504',100,'Info test A',1,0,'A','Source A',NULL,1,'2021-04-12 15:30:00.000000'),(301,'2021-04-26 15:09:35.089504',100,'Info test A',1,0,'A','Source A',NULL,1,'2021-04-12 19:02:00.000000'),(302,'2021-04-26 15:09:35.089504',100,'Info test A',1,0,'A','Source A',NULL,1,'2021-04-12 10:57:00.000000'),(303,'2021-04-26 15:09:35.089504',100,'Info test A',1,0,'A','Source A',NULL,1,'2021-04-12 15:53:00.000000'),(304,'2021-04-26 15:09:35.089504',100,'Info test A',1,0,'A','Source A',NULL,1,'2021-04-12 12:12:00.000000'),(305,'2021-04-26 15:09:35.089504',100,'Info test A',1,0,'A','Source A',NULL,1,'2021-04-12 11:11:00.000000'),(306,'2021-04-26 15:09:35.089504',100,'Info test A',1,0,'A','Source A',NULL,1,'2021-04-12 09:22:00.000000'),(307,'2021-04-26 15:09:35.089504',100,'Info test A',1,0,'A','Source A',NULL,1,'2021-04-12 15:55:00.000000'),(308,'2021-04-26 15:09:35.089504',100,'Info test A',1,0,'A','Source A',NULL,1,'2021-04-12 20:57:00.000000'),(309,'2021-04-26 15:09:35.089504',100,'Info test A',1,0,'A','Source A',NULL,1,'2021-04-12 06:57:00.000000'),(310,'2021-04-26 15:09:35.089504',100,'Info test A',1,0,'A','Source A',NULL,1,'2021-04-12 11:21:00.000000'),(311,'2021-04-26 15:09:35.089504',100,'Info test A',1,0,'A','Source A',NULL,1,'2021-04-12 23:12:00.000000'),(312,'2021-04-26 15:09:35.089504',100,'Info test A',1,0,'A','Source A',NULL,1,'2021-04-12 08:12:00.000000'),(313,'2021-04-26 15:09:35.089504',100,'Info test A',1,0,'A','Source A',NULL,1,'2021-04-12 18:12:00.000000'),(314,'2021-04-26 15:09:35.089504',100,'Info test A',1,0,'A','Source A',NULL,1,'2021-04-12 11:52:00.000000'),(315,'2021-04-26 15:09:35.089504',100,'Info test A',1,0,'A','Source A',NULL,1,'2021-04-12 07:29:00.000000'),(316,'2021-04-26 15:09:35.089504',100,'Info test H',1,0,'H','Source H',NULL,1,'2021-04-12 18:57:00.000000'),(317,'2021-04-26 15:09:35.089504',100,'Info test S',1,0,'S','Source S',NULL,1,'2021-04-12 18:57:00.000000'),(318,'2021-04-26 15:09:35.089504',100,'Info test C',1,0,'C','Source C',NULL,1,'2021-04-12 18:57:00.000000'),(319,'2021-04-26 15:09:35.089504',100,'Info test C',1,0,'C','Source C',NULL,1,'2021-04-12 10:00:00.000000'),(320,'2021-04-26 19:37:03.632070',100,'Info test A3',2,0,'A','Source A',NULL,1,'2021-04-12 18:57:00.000000'),(321,'2021-04-26 19:37:03.632070',100,'Info test A2',1,0,'A','Source A',NULL,1,'2021-04-12 17:57:00.000000'),(322,'2021-04-26 19:37:03.632070',100,'Info test A1',1,0,'A','Source A',NULL,1,'2021-04-12 16:57:00.000000'),(323,'2021-04-26 19:37:03.632070',100,'Info test A',1,0,'A','Source A',NULL,1,'2021-04-12 15:57:00.000000'),(324,'2021-04-26 19:37:03.632070',100,'Info test A',1,0,'A','Source A',NULL,1,'2021-04-12 15:30:00.000000'),(325,'2021-04-26 19:37:03.632070',100,'Info test A',1,0,'A','Source A',NULL,1,'2021-04-12 19:02:00.000000'),(326,'2021-04-26 19:37:03.632070',100,'Info test A',1,0,'A','Source A',NULL,1,'2021-04-12 10:57:00.000000'),(327,'2021-04-26 19:37:03.632070',100,'Info test A',1,0,'A','Source A',NULL,1,'2021-04-12 15:53:00.000000'),(328,'2021-04-26 19:37:03.632070',100,'Info test A',1,0,'A','Source A',NULL,1,'2021-04-12 12:12:00.000000'),(329,'2021-04-26 19:37:03.632070',100,'Info test A',1,0,'A','Source A',NULL,1,'2021-04-12 11:11:00.000000'),(330,'2021-04-26 19:37:03.632070',100,'Info test A',1,0,'A','Source A',NULL,1,'2021-04-12 09:22:00.000000'),(331,'2021-04-26 19:37:03.632070',100,'Info test A',1,0,'A','Source A',NULL,1,'2021-04-12 15:55:00.000000'),(332,'2021-04-26 19:37:03.632070',100,'Info test A',1,0,'A','Source A',NULL,1,'2021-04-12 20:57:00.000000'),(333,'2021-04-26 19:37:03.632070',100,'Info test A',1,0,'A','Source A',NULL,1,'2021-04-12 06:57:00.000000'),(334,'2021-04-26 19:37:03.632070',100,'Info test A',1,0,'A','Source A',NULL,1,'2021-04-12 11:21:00.000000'),(335,'2021-04-26 19:37:03.632070',100,'Info test A',1,0,'A','Source A',NULL,1,'2021-04-12 23:12:00.000000'),(336,'2021-04-26 19:37:03.632070',100,'Info test A',1,0,'A','Source A',NULL,1,'2021-04-12 08:12:00.000000'),(337,'2021-04-26 19:37:03.632070',100,'Info test A',1,0,'A','Source A',NULL,1,'2021-04-12 18:12:00.000000'),(338,'2021-04-26 19:37:03.632070',100,'Info test A',1,0,'A','Source A',NULL,1,'2021-04-12 11:52:00.000000'),(339,'2021-04-26 19:37:03.632070',100,'Info test A',1,0,'A','Source A',NULL,1,'2021-04-12 07:29:00.000000'),(340,'2021-04-26 19:37:03.632070',100,'Info test H',1,0,'H','Source H',NULL,1,'2021-04-12 18:57:00.000000'),(341,'2021-04-26 19:37:03.632070',100,'Info test S',1,0,'S','Source S',NULL,1,'2021-04-12 18:57:00.000000'),(342,'2021-04-26 19:37:03.632070',100,'Info test C',1,0,'C','Source C',NULL,1,'2021-04-12 18:57:00.000000'),(343,'2021-04-26 19:37:03.632070',100,'Info test C',1,0,'C','Source C',NULL,1,'2021-04-12 10:00:00.000000'),(392,'2021-04-27 09:24:03.834090',100,'Info test A3',2,0,'A','Source A',NULL,31,'2021-04-25 09:20:00.000000'),(393,'2021-04-27 09:24:03.834090',100,'Info test A2',2,0,'A','Source A',NULL,31,'2021-04-27 09:20:00.000000'),(394,'2021-04-27 09:24:03.834090',100,'Info test A1',2,0,'A','Source A',NULL,31,'2021-04-27 09:20:00.000000'),(395,'2021-04-27 09:26:38.674516',100,'Info test A3',2,0,'A','Source A',NULL,31,'2021-04-27 09:21:00.000000'),(396,'2021-04-27 12:28:45.036619',100,'Info test A3',2,0,'A','Source A',NULL,33,'2021-04-27 09:21:00.000000'),(397,'2021-04-27 17:23:02.778351',100,'Info test A3',2,0,'A','Source A',NULL,38,'2021-04-27 09:21:00.000000'),(398,'2021-04-29 14:53:25.937323',100,'Info test AAA',2,0,'A','Source A',NULL,38,'2021-04-27 09:21:00.000000'),(399,'2021-04-29 14:53:25.937323',100,'Info test AAA',1,0,'A','Source A',NULL,38,'2021-04-27 09:21:00.000000'),(400,'2021-04-29 14:56:00.761420',100,'Info test AAA',2,0,'A','Source A',NULL,39,'2021-04-27 09:21:00.000000'),(401,'2021-04-29 14:56:00.761420',100,'Info test AAA',1,0,'A','Source A',NULL,39,'2021-04-27 09:21:00.000000'),(402,'2021-04-29 15:28:31.877699',100,'Info test AAA',2,0,'A','Source A',NULL,40,'2021-04-27 09:21:00.000000'),(403,'2021-04-29 15:28:31.877699',100,'Info test AAA',1,0,'A','Source A',NULL,40,'2021-04-27 09:21:00.000000');
/*!40000 ALTER TABLE `visualizzazione_eventi` ENABLE KEYS */;
UNLOCK TABLES;
/*!40103 SET TIME_ZONE=@OLD_TIME_ZONE */;

/*!40101 SET SQL_MODE=@OLD_SQL_MODE */;
/*!40014 SET FOREIGN_KEY_CHECKS=@OLD_FOREIGN_KEY_CHECKS */;
/*!40014 SET UNIQUE_CHECKS=@OLD_UNIQUE_CHECKS */;
/*!40101 SET CHARACTER_SET_CLIENT=@OLD_CHARACTER_SET_CLIENT */;
/*!40101 SET CHARACTER_SET_RESULTS=@OLD_CHARACTER_SET_RESULTS */;
/*!40101 SET COLLATION_CONNECTION=@OLD_COLLATION_CONNECTION */;
/*!40111 SET SQL_NOTES=@OLD_SQL_NOTES */;

-- Dump completed on 2021-04-30 10:11:21
